-- MariaDB dump 10.19  Distrib 10.4.32-MariaDB, for Win64 (AMD64)
--
-- Host: localhost    Database: servispilot
-- ------------------------------------------------------
-- Server version	10.4.32-MariaDB

/*!40101 SET @OLD_CHARACTER_SET_CLIENT=@@CHARACTER_SET_CLIENT */;
/*!40101 SET @OLD_CHARACTER_SET_RESULTS=@@CHARACTER_SET_RESULTS */;
/*!40101 SET @OLD_COLLATION_CONNECTION=@@COLLATION_CONNECTION */;
/*!40101 SET NAMES utf8mb4 */;
/*!40103 SET @OLD_TIME_ZONE=@@TIME_ZONE */;
/*!40103 SET TIME_ZONE='+00:00' */;
/*!40014 SET @OLD_UNIQUE_CHECKS=@@UNIQUE_CHECKS, UNIQUE_CHECKS=0 */;
/*!40014 SET @OLD_FOREIGN_KEY_CHECKS=@@FOREIGN_KEY_CHECKS, FOREIGN_KEY_CHECKS=0 */;
/*!40101 SET @OLD_SQL_MODE=@@SQL_MODE, SQL_MODE='NO_AUTO_VALUE_ON_ZERO' */;
/*!40111 SET @OLD_SQL_NOTES=@@SQL_NOTES, SQL_NOTES=0 */;

--
-- Table structure for table `activity_logs`
--

DROP TABLE IF EXISTS `activity_logs`;
/*!40101 SET @saved_cs_client     = @@character_set_client */;
/*!40101 SET character_set_client = utf8 */;
CREATE TABLE `activity_logs` (
  `id` bigint(20) unsigned NOT NULL AUTO_INCREMENT,
  `company_id` bigint(20) unsigned DEFAULT NULL,
  `user_id` bigint(20) unsigned DEFAULT NULL,
  `module` varchar(255) NOT NULL,
  `action` varchar(255) NOT NULL,
  `subject_type` varchar(255) DEFAULT NULL,
  `subject_id` bigint(20) unsigned DEFAULT NULL,
  `title` varchar(255) NOT NULL,
  `description` text DEFAULT NULL,
  `old_values` longtext CHARACTER SET utf8mb4 COLLATE utf8mb4_bin DEFAULT NULL CHECK (json_valid(`old_values`)),
  `new_values` longtext CHARACTER SET utf8mb4 COLLATE utf8mb4_bin DEFAULT NULL CHECK (json_valid(`new_values`)),
  `meta` longtext CHARACTER SET utf8mb4 COLLATE utf8mb4_bin DEFAULT NULL CHECK (json_valid(`meta`)),
  `ip_address` varchar(45) DEFAULT NULL,
  `user_agent` varchar(255) DEFAULT NULL,
  `created_at` timestamp NULL DEFAULT NULL,
  `updated_at` timestamp NULL DEFAULT NULL,
  PRIMARY KEY (`id`),
  KEY `activity_logs_company_id_foreign` (`company_id`),
  KEY `activity_logs_user_id_foreign` (`user_id`),
  KEY `activity_logs_module_action_index` (`module`,`action`),
  KEY `activity_logs_subject_type_subject_id_index` (`subject_type`,`subject_id`),
  CONSTRAINT `activity_logs_company_id_foreign` FOREIGN KEY (`company_id`) REFERENCES `companies` (`id`) ON DELETE SET NULL,
  CONSTRAINT `activity_logs_user_id_foreign` FOREIGN KEY (`user_id`) REFERENCES `users` (`id`) ON DELETE SET NULL
) ENGINE=InnoDB AUTO_INCREMENT=301 DEFAULT CHARSET=utf8mb4 COLLATE=utf8mb4_unicode_ci;
/*!40101 SET character_set_client = @saved_cs_client */;

--
-- Dumping data for table `activity_logs`
--

LOCK TABLES `activity_logs` WRITE;
/*!40000 ALTER TABLE `activity_logs` DISABLE KEYS */;
INSERT INTO `activity_logs` VALUES (1,2,2,'fuel_station','created','App\\Models\\FuelStation',1,'Petrol istasyonu oluţturuldu','LUKOÝL PETROL için cari kayýt açýldý.',NULL,'{\"name\":\"LUKO\\u0130L PETROL\",\"legal_name\":\"LUKO\\u0130L HAVA LOJMANLARI \\u015eUBES\\u0130\",\"address\":null,\"discount_type\":\"percentage\",\"discount_value\":\"10.00\",\"is_active\":true,\"company_id\":2,\"updated_at\":\"2026-04-22T07:30:08.000000Z\",\"created_at\":\"2026-04-22T07:30:08.000000Z\",\"id\":1}',NULL,'127.0.0.1','Mozilla/5.0 (Windows NT 10.0; Win64; x64) AppleWebKit/537.36 (KHTML, like Gecko) Chrome/147.0.0.0 Safari/537.36','2026-04-22 07:30:08','2026-04-22 07:30:08'),(2,2,2,'vehicles','exported','App\\Models\\Fleet\\Vehicle',NULL,'Araç Listesi Dýţa Aktarýldý','Tüm araç listesi Excel formatýnda indirildi.',NULL,NULL,NULL,'127.0.0.1','Mozilla/5.0 (Windows NT 10.0; Win64; x64) AppleWebKit/537.36 (KHTML, like Gecko) Chrome/147.0.0.0 Safari/537.36','2026-04-22 20:54:55','2026-04-22 20:54:55'),(3,NULL,1,'users','updated','App\\Models\\User',1,'Kayýt güncellendi','Sabri Dođru kaydýnda güncellenen alanlar: ','[]','[]',NULL,'127.0.0.1','Mozilla/5.0 (Windows NT 10.0; Win64; x64) AppleWebKit/537.36 (KHTML, like Gecko) Chrome/147.0.0.0 Safari/537.36','2026-04-22 21:42:15','2026-04-22 21:42:15'),(4,NULL,1,'users','updated','App\\Models\\User',1,'Kayýt güncellendi','Sabri Dođru kaydýnda güncellenen alanlar: ','[]','[]',NULL,'127.0.0.1','Mozilla/5.0 (Windows NT 10.0; Win64; x64) AppleWebKit/537.36 (KHTML, like Gecko) Chrome/147.0.0.0 Safari/537.36','2026-04-23 06:45:12','2026-04-23 06:45:12'),(5,2,2,'vehicles','exported','App\\Models\\Fleet\\Vehicle',NULL,'Araç Listesi Dýţa Aktarýldý','Tüm araç listesi Excel formatýnda indirildi.',NULL,NULL,NULL,'127.0.0.1','Mozilla/5.0 (Windows NT 10.0; Win64; x64) AppleWebKit/537.36 (KHTML, like Gecko) Chrome/147.0.0.0 Safari/537.36','2026-04-23 07:05:29','2026-04-23 07:05:29'),(6,2,2,'vehicles','exported','App\\Models\\Fleet\\Vehicle',NULL,'Araç Listesi Dýţa Aktarýldý','Tüm araç listesi Excel formatýnda indirildi.',NULL,NULL,NULL,'127.0.0.1','Mozilla/5.0 (Windows NT 10.0; Win64; x64) AppleWebKit/537.36 (KHTML, like Gecko) Chrome/147.0.0.0 Safari/537.36','2026-04-23 09:22:02','2026-04-23 09:22:02'),(7,2,2,'vehicles','exported','App\\Models\\Fleet\\Vehicle',NULL,'Araç Listesi Dýţa Aktarýldý','Tüm araç listesi Excel formatýnda indirildi.',NULL,NULL,NULL,'127.0.0.1','Mozilla/5.0 (Windows NT 10.0; Win64; x64) AppleWebKit/537.36 (KHTML, like Gecko) Chrome/147.0.0.0 Safari/537.36','2026-04-23 11:00:27','2026-04-23 11:00:27'),(8,2,2,'vehicles','deleted','App\\Models\\Fleet\\Vehicle',1,'Kayýt silindi','42 C 1147 kaydý sistemden silindi.','{\"id\":1,\"plate\":\"42 C 1147\",\"brand\":\"TEMSA\",\"model\":\"PREST\\u0130J\",\"vehicle_type\":\"Midib\\u00fcs\",\"vehicle_package\":\"Yolcu Nakli\",\"model_year\":2008,\"registration_date\":\"2008-04-20T21:00:00.000000Z\",\"seat_count\":27,\"current_km\":0,\"status\":\"active\",\"gear_type\":\"Manuel\",\"fuel_type\":\"Dizel\",\"color\":\"Beyaz\",\"other_color\":null,\"engine_no\":\"ABCD1561ASDAKLMD\",\"chassis_no\":\"VF1VEAANFLKEF56\",\"license_serial_no\":\"SD123456\",\"license_owner\":\"IRMAK TUR\\u0130ZM\",\"owner_tax_or_tc_no\":\"6130942149\",\"inspection_date\":\"2026-04-29T21:00:00.000000Z\",\"exhaust_date\":\"2026-04-29T21:00:00.000000Z\",\"insurance_end_date\":\"2026-04-29T21:00:00.000000Z\",\"kasko_end_date\":\"2026-04-29T21:00:00.000000Z\",\"is_active\":true,\"notes\":null,\"public_image_upload_token\":\"s77vJTtCo68m2daVxBpSEEvUrK55N85Jc4oGD9JS\",\"created_at\":\"2026-04-21T05:23:25.000000Z\",\"updated_at\":\"2026-04-21T05:23:25.000000Z\",\"company_id\":2}',NULL,NULL,'127.0.0.1','Mozilla/5.0 (Windows NT 10.0; Win64; x64) AppleWebKit/537.36 (KHTML, like Gecko) Chrome/147.0.0.0 Safari/537.36','2026-04-23 11:19:32','2026-04-23 11:19:32'),(9,2,2,'vehicles','deleted','App\\Models\\Fleet\\Vehicle',NULL,'Araç Silindi','42 C 1147 plakalý araç ve bađlý tüm verileri sistemden silindi.',NULL,NULL,NULL,'127.0.0.1','Mozilla/5.0 (Windows NT 10.0; Win64; x64) AppleWebKit/537.36 (KHTML, like Gecko) Chrome/147.0.0.0 Safari/537.36','2026-04-23 11:19:32','2026-04-23 11:19:32'),(10,2,2,'vehicles','deleted','App\\Models\\Fleet\\Vehicle',2,'Kayýt silindi','42 C 0411 kaydý sistemden silindi.','{\"id\":2,\"plate\":\"42 C 0411\",\"brand\":\"TEMSA\",\"model\":\"PREST\\u0130J\",\"vehicle_type\":\"Midib\\u00fcs\",\"vehicle_package\":\"Yolcu Nakli\",\"model_year\":2010,\"registration_date\":\"2010-04-20T21:00:00.000000Z\",\"seat_count\":27,\"current_km\":0,\"status\":\"active\",\"gear_type\":\"Manuel\",\"fuel_type\":\"Dizel\",\"color\":\"Beyaz\",\"other_color\":null,\"engine_no\":\"SDASFWEVWWEFWE\",\"chassis_no\":\"EFEFW2EF1WE3FWEF\",\"license_serial_no\":\"SD123456\",\"license_owner\":\"IRMAK TUR\\u0130ZM\",\"owner_tax_or_tc_no\":\"6130942149\",\"inspection_date\":\"2026-04-20T21:00:00.000000Z\",\"exhaust_date\":\"2026-04-20T21:00:00.000000Z\",\"insurance_end_date\":\"2026-04-20T21:00:00.000000Z\",\"kasko_end_date\":\"2026-04-20T21:00:00.000000Z\",\"is_active\":true,\"notes\":null,\"public_image_upload_token\":\"V4RtR6a7cIKLqBLDoRfwrm3zNzh3mdIcSVMBERVe\",\"created_at\":\"2026-04-21T05:47:12.000000Z\",\"updated_at\":\"2026-04-21T05:47:12.000000Z\",\"company_id\":2}',NULL,NULL,'127.0.0.1','Mozilla/5.0 (Windows NT 10.0; Win64; x64) AppleWebKit/537.36 (KHTML, like Gecko) Chrome/147.0.0.0 Safari/537.36','2026-04-23 11:19:34','2026-04-23 11:19:34'),(11,2,2,'vehicles','deleted','App\\Models\\Fleet\\Vehicle',NULL,'Araç Silindi','42 C 0411 plakalý araç ve bađlý tüm verileri sistemden silindi.',NULL,NULL,NULL,'127.0.0.1','Mozilla/5.0 (Windows NT 10.0; Win64; x64) AppleWebKit/537.36 (KHTML, like Gecko) Chrome/147.0.0.0 Safari/537.36','2026-04-23 11:19:34','2026-04-23 11:19:34'),(12,2,2,'vehicles','created','App\\Models\\Fleet\\Vehicle',3,'Yeni kayýt oluţturuldu','42AH354 kaydý sisteme eklendi.',NULL,NULL,NULL,'127.0.0.1','Mozilla/5.0 (Windows NT 10.0; Win64; x64) AppleWebKit/537.36 (KHTML, like Gecko) Chrome/147.0.0.0 Safari/537.36','2026-04-23 11:24:53','2026-04-23 11:24:53'),(13,2,2,'vehicles','created','App\\Models\\Fleet\\Vehicle',4,'Yeni kayýt oluţturuldu','42BEY323 kaydý sisteme eklendi.',NULL,NULL,NULL,'127.0.0.1','Mozilla/5.0 (Windows NT 10.0; Win64; x64) AppleWebKit/537.36 (KHTML, like Gecko) Chrome/147.0.0.0 Safari/537.36','2026-04-23 11:24:53','2026-04-23 11:24:53'),(14,2,2,'vehicles','created','App\\Models\\Fleet\\Vehicle',5,'Yeni kayýt oluţturuldu','42C0015 kaydý sisteme eklendi.',NULL,NULL,NULL,'127.0.0.1','Mozilla/5.0 (Windows NT 10.0; Win64; x64) AppleWebKit/537.36 (KHTML, like Gecko) Chrome/147.0.0.0 Safari/537.36','2026-04-23 11:24:53','2026-04-23 11:24:53'),(15,2,2,'vehicles','created','App\\Models\\Fleet\\Vehicle',6,'Yeni kayýt oluţturuldu','42C0051 kaydý sisteme eklendi.',NULL,NULL,NULL,'127.0.0.1','Mozilla/5.0 (Windows NT 10.0; Win64; x64) AppleWebKit/537.36 (KHTML, like Gecko) Chrome/147.0.0.0 Safari/537.36','2026-04-23 11:24:53','2026-04-23 11:24:53'),(16,2,2,'vehicles','created','App\\Models\\Fleet\\Vehicle',7,'Yeni kayýt oluţturuldu','42C0149 kaydý sisteme eklendi.',NULL,NULL,NULL,'127.0.0.1','Mozilla/5.0 (Windows NT 10.0; Win64; x64) AppleWebKit/537.36 (KHTML, like Gecko) Chrome/147.0.0.0 Safari/537.36','2026-04-23 11:24:53','2026-04-23 11:24:53'),(17,2,2,'vehicles','created','App\\Models\\Fleet\\Vehicle',8,'Yeni kayýt oluţturuldu','42C0167 kaydý sisteme eklendi.',NULL,NULL,NULL,'127.0.0.1','Mozilla/5.0 (Windows NT 10.0; Win64; x64) AppleWebKit/537.36 (KHTML, like Gecko) Chrome/147.0.0.0 Safari/537.36','2026-04-23 11:24:53','2026-04-23 11:24:53'),(18,2,2,'vehicles','created','App\\Models\\Fleet\\Vehicle',9,'Yeni kayýt oluţturuldu','42C0174 kaydý sisteme eklendi.',NULL,NULL,NULL,'127.0.0.1','Mozilla/5.0 (Windows NT 10.0; Win64; x64) AppleWebKit/537.36 (KHTML, like Gecko) Chrome/147.0.0.0 Safari/537.36','2026-04-23 11:24:53','2026-04-23 11:24:53'),(19,2,2,'vehicles','created','App\\Models\\Fleet\\Vehicle',10,'Yeni kayýt oluţturuldu','42C0220 kaydý sisteme eklendi.',NULL,NULL,NULL,'127.0.0.1','Mozilla/5.0 (Windows NT 10.0; Win64; x64) AppleWebKit/537.36 (KHTML, like Gecko) Chrome/147.0.0.0 Safari/537.36','2026-04-23 11:24:53','2026-04-23 11:24:53'),(20,2,2,'vehicles','created','App\\Models\\Fleet\\Vehicle',11,'Yeni kayýt oluţturuldu','42C0228 kaydý sisteme eklendi.',NULL,NULL,NULL,'127.0.0.1','Mozilla/5.0 (Windows NT 10.0; Win64; x64) AppleWebKit/537.36 (KHTML, like Gecko) Chrome/147.0.0.0 Safari/537.36','2026-04-23 11:24:53','2026-04-23 11:24:53'),(21,2,2,'vehicles','created','App\\Models\\Fleet\\Vehicle',12,'Yeni kayýt oluţturuldu','42C0411 kaydý sisteme eklendi.',NULL,NULL,NULL,'127.0.0.1','Mozilla/5.0 (Windows NT 10.0; Win64; x64) AppleWebKit/537.36 (KHTML, like Gecko) Chrome/147.0.0.0 Safari/537.36','2026-04-23 11:24:53','2026-04-23 11:24:53'),(22,2,2,'vehicles','created','App\\Models\\Fleet\\Vehicle',13,'Yeni kayýt oluţturuldu','42C0412 kaydý sisteme eklendi.',NULL,NULL,NULL,'127.0.0.1','Mozilla/5.0 (Windows NT 10.0; Win64; x64) AppleWebKit/537.36 (KHTML, like Gecko) Chrome/147.0.0.0 Safari/537.36','2026-04-23 11:24:53','2026-04-23 11:24:53'),(23,2,2,'vehicles','created','App\\Models\\Fleet\\Vehicle',14,'Yeni kayýt oluţturuldu','42C0461 kaydý sisteme eklendi.',NULL,NULL,NULL,'127.0.0.1','Mozilla/5.0 (Windows NT 10.0; Win64; x64) AppleWebKit/537.36 (KHTML, like Gecko) Chrome/147.0.0.0 Safari/537.36','2026-04-23 11:24:53','2026-04-23 11:24:53'),(24,2,2,'vehicles','created','App\\Models\\Fleet\\Vehicle',15,'Yeni kayýt oluţturuldu','42C0493 kaydý sisteme eklendi.',NULL,NULL,NULL,'127.0.0.1','Mozilla/5.0 (Windows NT 10.0; Win64; x64) AppleWebKit/537.36 (KHTML, like Gecko) Chrome/147.0.0.0 Safari/537.36','2026-04-23 11:24:53','2026-04-23 11:24:53'),(25,2,2,'vehicles','created','App\\Models\\Fleet\\Vehicle',16,'Yeni kayýt oluţturuldu','42C0527 kaydý sisteme eklendi.',NULL,NULL,NULL,'127.0.0.1','Mozilla/5.0 (Windows NT 10.0; Win64; x64) AppleWebKit/537.36 (KHTML, like Gecko) Chrome/147.0.0.0 Safari/537.36','2026-04-23 11:24:53','2026-04-23 11:24:53'),(26,2,2,'vehicles','created','App\\Models\\Fleet\\Vehicle',17,'Yeni kayýt oluţturuldu','42C0534 kaydý sisteme eklendi.',NULL,NULL,NULL,'127.0.0.1','Mozilla/5.0 (Windows NT 10.0; Win64; x64) AppleWebKit/537.36 (KHTML, like Gecko) Chrome/147.0.0.0 Safari/537.36','2026-04-23 11:24:53','2026-04-23 11:24:53'),(27,2,2,'vehicles','created','App\\Models\\Fleet\\Vehicle',18,'Yeni kayýt oluţturuldu','42C0542 kaydý sisteme eklendi.',NULL,NULL,NULL,'127.0.0.1','Mozilla/5.0 (Windows NT 10.0; Win64; x64) AppleWebKit/537.36 (KHTML, like Gecko) Chrome/147.0.0.0 Safari/537.36','2026-04-23 11:24:53','2026-04-23 11:24:53'),(28,2,2,'vehicles','created','App\\Models\\Fleet\\Vehicle',19,'Yeni kayýt oluţturuldu','42C0556 kaydý sisteme eklendi.',NULL,NULL,NULL,'127.0.0.1','Mozilla/5.0 (Windows NT 10.0; Win64; x64) AppleWebKit/537.36 (KHTML, like Gecko) Chrome/147.0.0.0 Safari/537.36','2026-04-23 11:24:53','2026-04-23 11:24:53'),(29,2,2,'vehicles','created','App\\Models\\Fleet\\Vehicle',20,'Yeni kayýt oluţturuldu','42C0629 kaydý sisteme eklendi.',NULL,NULL,NULL,'127.0.0.1','Mozilla/5.0 (Windows NT 10.0; Win64; x64) AppleWebKit/537.36 (KHTML, like Gecko) Chrome/147.0.0.0 Safari/537.36','2026-04-23 11:24:53','2026-04-23 11:24:53'),(30,2,2,'vehicles','created','App\\Models\\Fleet\\Vehicle',21,'Yeni kayýt oluţturuldu','42C0642 kaydý sisteme eklendi.',NULL,NULL,NULL,'127.0.0.1','Mozilla/5.0 (Windows NT 10.0; Win64; x64) AppleWebKit/537.36 (KHTML, like Gecko) Chrome/147.0.0.0 Safari/537.36','2026-04-23 11:24:53','2026-04-23 11:24:53'),(31,2,2,'vehicles','created','App\\Models\\Fleet\\Vehicle',22,'Yeni kayýt oluţturuldu','42C0663 kaydý sisteme eklendi.',NULL,NULL,NULL,'127.0.0.1','Mozilla/5.0 (Windows NT 10.0; Win64; x64) AppleWebKit/537.36 (KHTML, like Gecko) Chrome/147.0.0.0 Safari/537.36','2026-04-23 11:24:53','2026-04-23 11:24:53'),(32,2,2,'vehicles','created','App\\Models\\Fleet\\Vehicle',23,'Yeni kayýt oluţturuldu','42C0681 kaydý sisteme eklendi.',NULL,NULL,NULL,'127.0.0.1','Mozilla/5.0 (Windows NT 10.0; Win64; x64) AppleWebKit/537.36 (KHTML, like Gecko) Chrome/147.0.0.0 Safari/537.36','2026-04-23 11:24:53','2026-04-23 11:24:53'),(33,2,2,'vehicles','created','App\\Models\\Fleet\\Vehicle',24,'Yeni kayýt oluţturuldu','42C0709 kaydý sisteme eklendi.',NULL,NULL,NULL,'127.0.0.1','Mozilla/5.0 (Windows NT 10.0; Win64; x64) AppleWebKit/537.36 (KHTML, like Gecko) Chrome/147.0.0.0 Safari/537.36','2026-04-23 11:24:53','2026-04-23 11:24:53'),(34,2,2,'vehicles','created','App\\Models\\Fleet\\Vehicle',25,'Yeni kayýt oluţturuldu','42C0719 kaydý sisteme eklendi.',NULL,NULL,NULL,'127.0.0.1','Mozilla/5.0 (Windows NT 10.0; Win64; x64) AppleWebKit/537.36 (KHTML, like Gecko) Chrome/147.0.0.0 Safari/537.36','2026-04-23 11:24:53','2026-04-23 11:24:53'),(35,2,2,'vehicles','created','App\\Models\\Fleet\\Vehicle',26,'Yeni kayýt oluţturuldu','42C0734 kaydý sisteme eklendi.',NULL,NULL,NULL,'127.0.0.1','Mozilla/5.0 (Windows NT 10.0; Win64; x64) AppleWebKit/537.36 (KHTML, like Gecko) Chrome/147.0.0.0 Safari/537.36','2026-04-23 11:24:53','2026-04-23 11:24:53'),(36,2,2,'vehicles','created','App\\Models\\Fleet\\Vehicle',27,'Yeni kayýt oluţturuldu','42C0736 kaydý sisteme eklendi.',NULL,NULL,NULL,'127.0.0.1','Mozilla/5.0 (Windows NT 10.0; Win64; x64) AppleWebKit/537.36 (KHTML, like Gecko) Chrome/147.0.0.0 Safari/537.36','2026-04-23 11:24:53','2026-04-23 11:24:53'),(37,2,2,'vehicles','created','App\\Models\\Fleet\\Vehicle',28,'Yeni kayýt oluţturuldu','42C0738 kaydý sisteme eklendi.',NULL,NULL,NULL,'127.0.0.1','Mozilla/5.0 (Windows NT 10.0; Win64; x64) AppleWebKit/537.36 (KHTML, like Gecko) Chrome/147.0.0.0 Safari/537.36','2026-04-23 11:24:53','2026-04-23 11:24:53'),(38,2,2,'vehicles','created','App\\Models\\Fleet\\Vehicle',29,'Yeni kayýt oluţturuldu','42C0740 kaydý sisteme eklendi.',NULL,NULL,NULL,'127.0.0.1','Mozilla/5.0 (Windows NT 10.0; Win64; x64) AppleWebKit/537.36 (KHTML, like Gecko) Chrome/147.0.0.0 Safari/537.36','2026-04-23 11:24:53','2026-04-23 11:24:53'),(39,2,2,'vehicles','created','App\\Models\\Fleet\\Vehicle',30,'Yeni kayýt oluţturuldu','42C0850 kaydý sisteme eklendi.',NULL,NULL,NULL,'127.0.0.1','Mozilla/5.0 (Windows NT 10.0; Win64; x64) AppleWebKit/537.36 (KHTML, like Gecko) Chrome/147.0.0.0 Safari/537.36','2026-04-23 11:24:53','2026-04-23 11:24:53'),(40,2,2,'vehicles','created','App\\Models\\Fleet\\Vehicle',31,'Yeni kayýt oluţturuldu','42C0865 kaydý sisteme eklendi.',NULL,NULL,NULL,'127.0.0.1','Mozilla/5.0 (Windows NT 10.0; Win64; x64) AppleWebKit/537.36 (KHTML, like Gecko) Chrome/147.0.0.0 Safari/537.36','2026-04-23 11:24:53','2026-04-23 11:24:53'),(41,2,2,'vehicles','created','App\\Models\\Fleet\\Vehicle',32,'Yeni kayýt oluţturuldu','42C0869 kaydý sisteme eklendi.',NULL,NULL,NULL,'127.0.0.1','Mozilla/5.0 (Windows NT 10.0; Win64; x64) AppleWebKit/537.36 (KHTML, like Gecko) Chrome/147.0.0.0 Safari/537.36','2026-04-23 11:24:53','2026-04-23 11:24:53'),(42,2,2,'vehicles','created','App\\Models\\Fleet\\Vehicle',33,'Yeni kayýt oluţturuldu','42C0894 kaydý sisteme eklendi.',NULL,NULL,NULL,'127.0.0.1','Mozilla/5.0 (Windows NT 10.0; Win64; x64) AppleWebKit/537.36 (KHTML, like Gecko) Chrome/147.0.0.0 Safari/537.36','2026-04-23 11:24:53','2026-04-23 11:24:53'),(43,2,2,'vehicles','created','App\\Models\\Fleet\\Vehicle',34,'Yeni kayýt oluţturuldu','42C0934 kaydý sisteme eklendi.',NULL,NULL,NULL,'127.0.0.1','Mozilla/5.0 (Windows NT 10.0; Win64; x64) AppleWebKit/537.36 (KHTML, like Gecko) Chrome/147.0.0.0 Safari/537.36','2026-04-23 11:24:53','2026-04-23 11:24:53'),(44,2,2,'vehicles','created','App\\Models\\Fleet\\Vehicle',35,'Yeni kayýt oluţturuldu','42C0935 kaydý sisteme eklendi.',NULL,NULL,NULL,'127.0.0.1','Mozilla/5.0 (Windows NT 10.0; Win64; x64) AppleWebKit/537.36 (KHTML, like Gecko) Chrome/147.0.0.0 Safari/537.36','2026-04-23 11:24:53','2026-04-23 11:24:53'),(45,2,2,'vehicles','created','App\\Models\\Fleet\\Vehicle',36,'Yeni kayýt oluţturuldu','42C0976 kaydý sisteme eklendi.',NULL,NULL,NULL,'127.0.0.1','Mozilla/5.0 (Windows NT 10.0; Win64; x64) AppleWebKit/537.36 (KHTML, like Gecko) Chrome/147.0.0.0 Safari/537.36','2026-04-23 11:24:53','2026-04-23 11:24:53'),(46,2,2,'vehicles','created','App\\Models\\Fleet\\Vehicle',37,'Yeni kayýt oluţturuldu','42C0994 kaydý sisteme eklendi.',NULL,NULL,NULL,'127.0.0.1','Mozilla/5.0 (Windows NT 10.0; Win64; x64) AppleWebKit/537.36 (KHTML, like Gecko) Chrome/147.0.0.0 Safari/537.36','2026-04-23 11:24:53','2026-04-23 11:24:53'),(47,2,2,'vehicles','created','App\\Models\\Fleet\\Vehicle',38,'Yeni kayýt oluţturuldu','42C1145 kaydý sisteme eklendi.',NULL,NULL,NULL,'127.0.0.1','Mozilla/5.0 (Windows NT 10.0; Win64; x64) AppleWebKit/537.36 (KHTML, like Gecko) Chrome/147.0.0.0 Safari/537.36','2026-04-23 11:24:53','2026-04-23 11:24:53'),(48,2,2,'vehicles','created','App\\Models\\Fleet\\Vehicle',39,'Yeni kayýt oluţturuldu','42C1146 kaydý sisteme eklendi.',NULL,NULL,NULL,'127.0.0.1','Mozilla/5.0 (Windows NT 10.0; Win64; x64) AppleWebKit/537.36 (KHTML, like Gecko) Chrome/147.0.0.0 Safari/537.36','2026-04-23 11:24:53','2026-04-23 11:24:53'),(49,2,2,'vehicles','created','App\\Models\\Fleet\\Vehicle',40,'Yeni kayýt oluţturuldu','42C1147 kaydý sisteme eklendi.',NULL,NULL,NULL,'127.0.0.1','Mozilla/5.0 (Windows NT 10.0; Win64; x64) AppleWebKit/537.36 (KHTML, like Gecko) Chrome/147.0.0.0 Safari/537.36','2026-04-23 11:24:53','2026-04-23 11:24:53'),(50,2,2,'vehicles','created','App\\Models\\Fleet\\Vehicle',41,'Yeni kayýt oluţturuldu','42C1155 kaydý sisteme eklendi.',NULL,NULL,NULL,'127.0.0.1','Mozilla/5.0 (Windows NT 10.0; Win64; x64) AppleWebKit/537.36 (KHTML, like Gecko) Chrome/147.0.0.0 Safari/537.36','2026-04-23 11:24:53','2026-04-23 11:24:53'),(51,2,2,'vehicles','created','App\\Models\\Fleet\\Vehicle',42,'Yeni kayýt oluţturuldu','42C1156 kaydý sisteme eklendi.',NULL,NULL,NULL,'127.0.0.1','Mozilla/5.0 (Windows NT 10.0; Win64; x64) AppleWebKit/537.36 (KHTML, like Gecko) Chrome/147.0.0.0 Safari/537.36','2026-04-23 11:24:53','2026-04-23 11:24:53'),(52,2,2,'vehicles','created','App\\Models\\Fleet\\Vehicle',43,'Yeni kayýt oluţturuldu','42C1204 kaydý sisteme eklendi.',NULL,NULL,NULL,'127.0.0.1','Mozilla/5.0 (Windows NT 10.0; Win64; x64) AppleWebKit/537.36 (KHTML, like Gecko) Chrome/147.0.0.0 Safari/537.36','2026-04-23 11:24:53','2026-04-23 11:24:53'),(53,2,2,'vehicles','created','App\\Models\\Fleet\\Vehicle',44,'Yeni kayýt oluţturuldu','42C1207 kaydý sisteme eklendi.',NULL,NULL,NULL,'127.0.0.1','Mozilla/5.0 (Windows NT 10.0; Win64; x64) AppleWebKit/537.36 (KHTML, like Gecko) Chrome/147.0.0.0 Safari/537.36','2026-04-23 11:24:53','2026-04-23 11:24:53'),(54,2,2,'fuels','created','App\\Models\\Fuel',2,'Yeni kayýt oluţturuldu','2 kaydý sisteme eklendi.',NULL,NULL,NULL,'127.0.0.1','Mozilla/5.0 (Windows NT 10.0; Win64; x64) AppleWebKit/537.36 (KHTML, like Gecko) Chrome/147.0.0.0 Safari/537.36','2026-04-23 11:31:08','2026-04-23 11:31:08'),(55,2,2,'fuels','created','App\\Models\\Fuel',3,'Yeni kayýt oluţturuldu','3 kaydý sisteme eklendi.',NULL,NULL,NULL,'127.0.0.1','Mozilla/5.0 (Windows NT 10.0; Win64; x64) AppleWebKit/537.36 (KHTML, like Gecko) Chrome/147.0.0.0 Safari/537.36','2026-04-23 11:31:31','2026-04-23 11:31:31'),(56,2,2,'vehicles','exported','App\\Models\\Fleet\\Vehicle',NULL,'Araç Listesi Dýţa Aktarýldý','Tüm araç listesi Excel formatýnda indirildi.',NULL,NULL,NULL,'127.0.0.1','Mozilla/5.0 (Windows NT 10.0; Win64; x64) AppleWebKit/537.36 (KHTML, like Gecko) Chrome/147.0.0.0 Safari/537.36','2026-04-23 11:46:43','2026-04-23 11:46:43'),(57,2,2,'documents','created','App\\Models\\Document',6,'Yeni kayýt oluţturuldu','6 kaydý sisteme eklendi.',NULL,NULL,NULL,'127.0.0.1','Mozilla/5.0 (Windows NT 10.0; Win64; x64) AppleWebKit/537.36 (KHTML, like Gecko) Chrome/147.0.0.0 Safari/537.36','2026-04-23 11:55:33','2026-04-23 11:55:33'),(58,2,2,'vehicles','document_uploaded','App\\Models\\Fleet\\Vehicle',4,'Araç Belgesi Eklendi','42BEY323 plakalý araca \'42 BEY 323 RUHSAT\' belgesi eklendi.',NULL,NULL,NULL,'127.0.0.1','Mozilla/5.0 (Windows NT 10.0; Win64; x64) AppleWebKit/537.36 (KHTML, like Gecko) Chrome/147.0.0.0 Safari/537.36','2026-04-23 11:55:33','2026-04-23 11:55:33'),(59,2,2,'documents','created','App\\Models\\Document',7,'Yeni kayýt oluţturuldu','7 kaydý sisteme eklendi.',NULL,NULL,NULL,'127.0.0.1','Mozilla/5.0 (Windows NT 10.0; Win64; x64) AppleWebKit/537.36 (KHTML, like Gecko) Chrome/147.0.0.0 Safari/537.36','2026-04-23 12:06:54','2026-04-23 12:06:54'),(60,2,2,'vehicles','document_uploaded','App\\Models\\Fleet\\Vehicle',4,'Araç Belgesi Eklendi','42BEY323 plakalý araca \'MUAYENE RAPORU\' belgesi eklendi.',NULL,NULL,NULL,'127.0.0.1','Mozilla/5.0 (Windows NT 10.0; Win64; x64) AppleWebKit/537.36 (KHTML, like Gecko) Chrome/147.0.0.0 Safari/537.36','2026-04-23 12:06:54','2026-04-23 12:06:54'),(61,2,2,'documents','created','App\\Models\\Document',8,'Yeni kayýt oluţturuldu','8 kaydý sisteme eklendi.',NULL,NULL,NULL,'127.0.0.1','Mozilla/5.0 (Windows NT 10.0; Win64; x64) AppleWebKit/537.36 (KHTML, like Gecko) Chrome/147.0.0.0 Safari/537.36','2026-04-23 12:07:34','2026-04-23 12:07:34'),(62,2,2,'vehicles','document_uploaded','App\\Models\\Fleet\\Vehicle',4,'Araç Belgesi Eklendi','42BEY323 plakalý araca \'SÝGORTA POLÝÇESÝ\' belgesi eklendi.',NULL,NULL,NULL,'127.0.0.1','Mozilla/5.0 (Windows NT 10.0; Win64; x64) AppleWebKit/537.36 (KHTML, like Gecko) Chrome/147.0.0.0 Safari/537.36','2026-04-23 12:07:34','2026-04-23 12:07:34'),(63,2,2,'documents','deleted','App\\Models\\Document',8,'Kayýt silindi','8 kaydý sistemden silindi.','{\"id\":8,\"documentable_type\":\"App\\\\Models\\\\Fleet\\\\Vehicle\",\"documentable_id\":4,\"document_type\":\"Sigorta\",\"issuer_name\":null,\"document_name\":\"S\\u0130GORTA POL\\u0130\\u00c7ES\\u0130\",\"start_date\":\"2025-04-22T21:00:00.000000Z\",\"end_date\":\"2025-04-21T21:00:00.000000Z\",\"archived_at\":null,\"file_path\":\"vehicle-documents\\/HUDKNV1Qqdeh3u6nVYrU25ayBtcnSr6eZpl5UD4t.pdf\",\"is_active\":1,\"notes\":null,\"created_at\":\"2026-04-23T12:07:34.000000Z\",\"updated_at\":\"2026-04-23T12:07:34.000000Z\",\"company_id\":2}',NULL,NULL,'127.0.0.1','Mozilla/5.0 (Windows NT 10.0; Win64; x64) AppleWebKit/537.36 (KHTML, like Gecko) Chrome/147.0.0.0 Safari/537.36','2026-04-23 12:58:09','2026-04-23 12:58:09'),(64,2,2,'vehicles','document_deleted','App\\Models\\Fleet\\Vehicle',4,'Araç Belgesi Silindi','42BEY323 plakalý aracýn bir belgesi silindi.',NULL,NULL,NULL,'127.0.0.1','Mozilla/5.0 (Windows NT 10.0; Win64; x64) AppleWebKit/537.36 (KHTML, like Gecko) Chrome/147.0.0.0 Safari/537.36','2026-04-23 12:58:09','2026-04-23 12:58:09'),(65,2,2,'users','updated','App\\Models\\User',2,'Kayýt güncellendi','RAMAZAN IRMAK kaydýnda güncellenen alanlar: updated_at','{\"updated_at\":\"2026-04-21T05:02:00.000000Z\"}','{\"updated_at\":\"2026-04-23 16:03:37\"}',NULL,'127.0.0.1','Mozilla/5.0 (Windows NT 10.0; Win64; x64) AppleWebKit/537.36 (KHTML, like Gecko) Chrome/147.0.0.0 Safari/537.36','2026-04-23 13:03:37','2026-04-23 13:03:37'),(66,2,2,'documents','deleted','App\\Models\\Document',7,'Kayýt silindi','7 kaydý sistemden silindi.','{\"id\":7,\"documentable_type\":\"App\\\\Models\\\\Fleet\\\\Vehicle\",\"documentable_id\":4,\"document_type\":\"Muayene\",\"issuer_name\":\"T\\u00dcVT\\u00dcRK\",\"document_name\":\"MUAYENE RAPORU\",\"start_date\":\"2026-04-22T21:00:00.000000Z\",\"end_date\":\"2027-04-22T21:00:00.000000Z\",\"archived_at\":null,\"file_path\":\"vehicle-documents\\/i3ThgEnvAY4nxY3zTpuvz1Ts7JW5WcNQVXhVb5kL.pdf\",\"is_active\":1,\"notes\":null,\"created_at\":\"2026-04-23T12:06:54.000000Z\",\"updated_at\":\"2026-04-23T12:06:54.000000Z\",\"company_id\":2}',NULL,NULL,'127.0.0.1','Mozilla/5.0 (Windows NT 10.0; Win64; x64) AppleWebKit/537.36 (KHTML, like Gecko) Chrome/147.0.0.0 Safari/537.36','2026-04-23 13:08:49','2026-04-23 13:08:49'),(67,2,2,'vehicles','document_deleted','App\\Models\\Fleet\\Vehicle',4,'Araç Belgesi Silindi','42BEY323 plakalý aracýn bir belgesi silindi.',NULL,NULL,NULL,'127.0.0.1','Mozilla/5.0 (Windows NT 10.0; Win64; x64) AppleWebKit/537.36 (KHTML, like Gecko) Chrome/147.0.0.0 Safari/537.36','2026-04-23 13:08:49','2026-04-23 13:08:49'),(68,2,2,'maintenances','created','App\\Models\\VehicleMaintenance',1,'Yeni kayýt oluţturuldu','1 kaydý sisteme eklendi.',NULL,NULL,NULL,'127.0.0.1','Mozilla/5.0 (Windows NT 10.0; Win64; x64) AppleWebKit/537.36 (KHTML, like Gecko) Chrome/147.0.0.0 Safari/537.36','2026-04-23 13:16:55','2026-04-23 13:16:55'),(69,2,2,'fuels','created','App\\Models\\Fuel',4,'Yeni kayýt oluţturuldu','4 kaydý sisteme eklendi.',NULL,NULL,NULL,'127.0.0.1','Mozilla/5.0 (Windows NT 10.0; Win64; x64) AppleWebKit/537.36 (KHTML, like Gecko) Chrome/147.0.0.0 Safari/537.36','2026-04-23 13:17:34','2026-04-23 13:17:34'),(70,2,2,'maintenances','created','App\\Models\\VehicleMaintenance',2,'Yeni kayýt oluţturuldu','2 kaydý sisteme eklendi.',NULL,NULL,NULL,'127.0.0.1','Mozilla/5.0 (Windows NT 10.0; Win64; x64) AppleWebKit/537.36 (KHTML, like Gecko) Chrome/147.0.0.0 Safari/537.36','2026-04-23 13:25:29','2026-04-23 13:25:29'),(71,2,2,'maintenances','created','App\\Models\\VehicleMaintenance',3,'Yeni kayýt oluţturuldu','3 kaydý sisteme eklendi.',NULL,NULL,NULL,'127.0.0.1','Mozilla/5.0 (Windows NT 10.0; Win64; x64) AppleWebKit/537.36 (KHTML, like Gecko) Chrome/147.0.0.0 Safari/537.36','2026-04-23 13:25:29','2026-04-23 13:25:29'),(72,2,2,'maintenances','created','App\\Models\\VehicleMaintenance',4,'Yeni kayýt oluţturuldu','4 kaydý sisteme eklendi.',NULL,NULL,NULL,'127.0.0.1','Mozilla/5.0 (Windows NT 10.0; Win64; x64) AppleWebKit/537.36 (KHTML, like Gecko) Chrome/147.0.0.0 Safari/537.36','2026-04-23 13:25:29','2026-04-23 13:25:29'),(73,2,2,'maintenances','created','App\\Models\\VehicleMaintenance',5,'Yeni kayýt oluţturuldu','5 kaydý sisteme eklendi.',NULL,NULL,NULL,'127.0.0.1','Mozilla/5.0 (Windows NT 10.0; Win64; x64) AppleWebKit/537.36 (KHTML, like Gecko) Chrome/147.0.0.0 Safari/537.36','2026-04-23 13:25:29','2026-04-23 13:25:29'),(74,2,2,'maintenances','created','App\\Models\\VehicleMaintenance',6,'Yeni kayýt oluţturuldu','6 kaydý sisteme eklendi.',NULL,NULL,NULL,'127.0.0.1','Mozilla/5.0 (Windows NT 10.0; Win64; x64) AppleWebKit/537.36 (KHTML, like Gecko) Chrome/147.0.0.0 Safari/537.36','2026-04-23 13:25:29','2026-04-23 13:25:29'),(75,2,2,'maintenances','created','App\\Models\\VehicleMaintenance',7,'Yeni kayýt oluţturuldu','7 kaydý sisteme eklendi.',NULL,NULL,NULL,'127.0.0.1','Mozilla/5.0 (Windows NT 10.0; Win64; x64) AppleWebKit/537.36 (KHTML, like Gecko) Chrome/147.0.0.0 Safari/537.36','2026-04-23 13:25:29','2026-04-23 13:25:29'),(76,2,2,'maintenances','updated','App\\Models\\VehicleMaintenance',1,'Kayýt güncellendi','1 kaydýnda güncellenen alanlar: km, next_service_km, updated_at','{\"km\":145850,\"next_service_km\":155850,\"updated_at\":\"2026-04-23T13:16:55.000000Z\"}','{\"km\":\"144325\",\"next_service_km\":154325,\"updated_at\":\"2026-04-23 16:37:43\"}',NULL,'127.0.0.1','Mozilla/5.0 (Windows NT 10.0; Win64; x64) AppleWebKit/537.36 (KHTML, like Gecko) Chrome/147.0.0.0 Safari/537.36','2026-04-23 13:37:43','2026-04-23 13:37:43'),(77,2,2,'penalties','created','App\\Models\\TrafficPenalty',1,'Yeni kayýt oluţturuldu','1 kaydý sisteme eklendi.',NULL,NULL,NULL,'127.0.0.1','Mozilla/5.0 (Windows NT 10.0; Win64; x64) AppleWebKit/537.36 (KHTML, like Gecko) Chrome/147.0.0.0 Safari/537.36','2026-04-23 13:43:07','2026-04-23 13:43:07'),(78,2,2,'documents','deleted','App\\Models\\Document',6,'Kayýt silindi','6 kaydý sistemden silindi.','{\"id\":6,\"documentable_type\":\"App\\\\Models\\\\Fleet\\\\Vehicle\",\"documentable_id\":4,\"document_type\":\"Ruhsat\",\"issuer_name\":\"8.NOTER\",\"document_name\":\"42 BEY 323 RUHSAT\",\"start_date\":\"2026-04-22T21:00:00.000000Z\",\"end_date\":null,\"archived_at\":null,\"file_path\":\"vehicle-documents\\/211wtormzMwFTqFghRr9bXjc4LKvNsN86Z9jfhYa.pdf\",\"is_active\":1,\"notes\":null,\"created_at\":\"2026-04-23T11:55:33.000000Z\",\"updated_at\":\"2026-04-23T11:55:33.000000Z\",\"company_id\":2}',NULL,NULL,'127.0.0.1','Mozilla/5.0 (Windows NT 10.0; Win64; x64) AppleWebKit/537.36 (KHTML, like Gecko) Chrome/147.0.0.0 Safari/537.36','2026-04-23 13:45:26','2026-04-23 13:45:26'),(79,2,2,'vehicles','document_deleted','App\\Models\\Fleet\\Vehicle',4,'Araç Belgesi Silindi','42BEY323 plakalý aracýn bir belgesi silindi.',NULL,NULL,NULL,'127.0.0.1','Mozilla/5.0 (Windows NT 10.0; Win64; x64) AppleWebKit/537.36 (KHTML, like Gecko) Chrome/147.0.0.0 Safari/537.36','2026-04-23 13:45:26','2026-04-23 13:45:26'),(80,2,2,'documents','created','App\\Models\\Document',9,'Yeni kayýt oluţturuldu','9 kaydý sisteme eklendi.',NULL,NULL,NULL,'127.0.0.1','Mozilla/5.0 (Windows NT 10.0; Win64; x64) AppleWebKit/537.36 (KHTML, like Gecko) Chrome/147.0.0.0 Safari/537.36','2026-04-23 13:45:43','2026-04-23 13:45:43'),(81,2,2,'vehicles','document_uploaded','App\\Models\\Fleet\\Vehicle',4,'Araç Belgesi Eklendi','42BEY323 plakalý araca \'RUHSAT BELGESÝ\' belgesi eklendi.',NULL,NULL,NULL,'127.0.0.1','Mozilla/5.0 (Windows NT 10.0; Win64; x64) AppleWebKit/537.36 (KHTML, like Gecko) Chrome/147.0.0.0 Safari/537.36','2026-04-23 13:45:43','2026-04-23 13:45:43'),(82,2,2,'fuels','updated','App\\Models\\Fuel',4,'Kayýt güncellendi','4 kaydýnda güncellenen alanlar: km, updated_at','{\"km\":150850,\"updated_at\":\"2026-04-23T13:17:34.000000Z\"}','{\"km\":\"169000\",\"updated_at\":\"2026-04-23 16:49:33\"}',NULL,'127.0.0.1','Mozilla/5.0 (Windows NT 10.0; Win64; x64) AppleWebKit/537.36 (KHTML, like Gecko) Chrome/147.0.0.0 Safari/537.36','2026-04-23 13:49:33','2026-04-23 13:49:33'),(83,2,2,'fuels','updated','App\\Models\\Fuel',4,'Kayýt güncellendi','4 kaydýnda güncellenen alanlar: km, updated_at','{\"km\":169000,\"updated_at\":\"2026-04-23T13:49:33.000000Z\"}','{\"km\":\"154125\",\"updated_at\":\"2026-04-23 16:50:12\"}',NULL,'127.0.0.1','Mozilla/5.0 (Windows NT 10.0; Win64; x64) AppleWebKit/537.36 (KHTML, like Gecko) Chrome/147.0.0.0 Safari/537.36','2026-04-23 13:50:12','2026-04-23 13:50:12'),(84,2,2,'drivers','updated','App\\Models\\Fleet\\Driver',8,'Kayýt güncellendi','MUZAFFER DEMÝR kaydýnda güncellenen alanlar: leave_date, leave_shift, is_active, updated_at','{\"leave_date\":null,\"leave_shift\":null,\"is_active\":true,\"updated_at\":\"2026-04-22T19:07:10.000000Z\"}','{\"leave_date\":\"2026-04-23 00:00:00\",\"leave_shift\":\"morning\",\"is_active\":false,\"updated_at\":\"2026-04-23 17:05:49\"}',NULL,'127.0.0.1','Mozilla/5.0 (Windows NT 10.0; Win64; x64) AppleWebKit/537.36 (KHTML, like Gecko) Chrome/147.0.0.0 Safari/537.36','2026-04-23 14:05:49','2026-04-23 14:05:49'),(85,2,2,'fuel_station_payment','created','App\\Models\\FuelStationPayment',1,'Ýstasyon ödemesi girildi','LUKOÝL PETROL istasyonu için ödeme kaydý oluţturuldu.',NULL,'{\"fuel_station_id\":\"1\",\"payment_date\":\"2026-04-22T21:00:00.000000Z\",\"start_date\":null,\"end_date\":null,\"amount\":\"10000.00\",\"payment_method\":\"nakit\",\"notes\":null}',NULL,'127.0.0.1','Mozilla/5.0 (Windows NT 10.0; Win64; x64) AppleWebKit/537.36 (KHTML, like Gecko) Chrome/147.0.0.0 Safari/537.36','2026-04-23 14:09:57','2026-04-23 14:09:57'),(86,2,2,'fuel_station_payment','updated','App\\Models\\FuelStationPayment',1,'Ýstasyon ödemesi güncellendi','LUKOÝL PETROL istasyonu için ödeme kaydý güncellendi.','{\"id\":1,\"company_id\":2,\"fuel_station_id\":1,\"payment_date\":\"2026-04-22T21:00:00.000000Z\",\"start_date\":null,\"end_date\":null,\"amount\":\"10000.00\",\"payment_method\":\"nakit\",\"notes\":null,\"created_at\":\"2026-04-23T14:09:57.000000Z\",\"updated_at\":\"2026-04-23T14:09:57.000000Z\"}','{\"id\":1,\"company_id\":2,\"fuel_station_id\":1,\"payment_date\":\"2026-04-22T21:00:00.000000Z\",\"start_date\":null,\"end_date\":null,\"amount\":\"2700.00\",\"payment_method\":\"nakit\",\"notes\":null,\"created_at\":\"2026-04-23T14:09:57.000000Z\",\"updated_at\":\"2026-04-23T14:10:47.000000Z\",\"station\":{\"id\":1,\"company_id\":2,\"name\":\"LUKO\\u0130L PETROL\",\"legal_name\":\"LUKO\\u0130L HAVA LOJMANLARI \\u015eUBES\\u0130\",\"address\":null,\"discount_type\":\"percentage\",\"discount_value\":\"10.00\",\"is_active\":true,\"created_at\":\"2026-04-22T07:30:08.000000Z\",\"updated_at\":\"2026-04-22T07:30:08.000000Z\"}}',NULL,'127.0.0.1','Mozilla/5.0 (Windows NT 10.0; Win64; x64) AppleWebKit/537.36 (KHTML, like Gecko) Chrome/147.0.0.0 Safari/537.36','2026-04-23 14:10:47','2026-04-23 14:10:47'),(87,2,2,'fuel_station','created','App\\Models\\FuelStation',2,'Petrol istasyonu oluţturuldu','TOTAL için cari kayýt açýldý.',NULL,'{\"name\":\"TOTAL\",\"legal_name\":\"TOTAL\",\"address\":null,\"discount_type\":\"percentage\",\"discount_value\":\"5.00\",\"is_active\":true,\"company_id\":2,\"updated_at\":\"2026-04-23T14:11:56.000000Z\",\"created_at\":\"2026-04-23T14:11:56.000000Z\",\"id\":2}',NULL,'127.0.0.1','Mozilla/5.0 (Windows NT 10.0; Win64; x64) AppleWebKit/537.36 (KHTML, like Gecko) Chrome/147.0.0.0 Safari/537.36','2026-04-23 14:11:56','2026-04-23 14:11:56'),(88,2,2,'fuels','created','App\\Models\\Fuel',5,'Yeni kayýt oluţturuldu','5 kaydý sisteme eklendi.',NULL,NULL,NULL,'127.0.0.1','Mozilla/5.0 (Windows NT 10.0; Win64; x64) AppleWebKit/537.36 (KHTML, like Gecko) Chrome/147.0.0.0 Safari/537.36','2026-04-23 14:12:38','2026-04-23 14:12:38'),(89,2,2,'fuel_station_payment','created','App\\Models\\FuelStationPayment',2,'Ýstasyon ödemesi girildi','TOTAL istasyonu için ödeme kaydý oluţturuldu.',NULL,'{\"fuel_station_id\":\"2\",\"payment_date\":\"2026-04-22T21:00:00.000000Z\",\"start_date\":\"2026-04-22T21:00:00.000000Z\",\"end_date\":null,\"amount\":\"9265.00\",\"payment_method\":\"eft\",\"notes\":null}',NULL,'127.0.0.1','Mozilla/5.0 (Windows NT 10.0; Win64; x64) AppleWebKit/537.36 (KHTML, like Gecko) Chrome/147.0.0.0 Safari/537.36','2026-04-23 14:13:37','2026-04-23 14:13:37'),(90,2,2,'trips','created','App\\Models\\Trip',60,'Yeni kayýt oluţturuldu','60 kaydý sisteme eklendi.',NULL,NULL,NULL,'127.0.0.1','Mozilla/5.0 (Windows NT 10.0; Win64; x64) AppleWebKit/537.36 (KHTML, like Gecko) Chrome/147.0.0.0 Safari/537.36','2026-04-23 14:18:32','2026-04-23 14:18:32'),(91,2,2,'trips','created','App\\Models\\Trip',61,'Yeni kayýt oluţturuldu','61 kaydý sisteme eklendi.',NULL,NULL,NULL,'127.0.0.1','Mozilla/5.0 (Windows NT 10.0; Win64; x64) AppleWebKit/537.36 (KHTML, like Gecko) Chrome/147.0.0.0 Safari/537.36','2026-04-23 14:18:47','2026-04-23 14:18:47'),(92,2,2,'trips','created','App\\Models\\Trip',62,'Yeni kayýt oluţturuldu','62 kaydý sisteme eklendi.',NULL,NULL,NULL,'127.0.0.1','Mozilla/5.0 (Windows NT 10.0; Win64; x64) AppleWebKit/537.36 (KHTML, like Gecko) Chrome/147.0.0.0 Safari/537.36','2026-04-23 14:18:57','2026-04-23 14:18:57'),(93,NULL,1,'users','updated','App\\Models\\User',1,'Kayýt güncellendi','Sabri Dođru kaydýnda güncellenen alanlar: ','[]','[]',NULL,'127.0.0.1','Mozilla/5.0 (Windows NT 10.0; Win64; x64) AppleWebKit/537.36 (KHTML, like Gecko) Chrome/147.0.0.0 Safari/537.36','2026-04-23 14:25:42','2026-04-23 14:25:42'),(94,NULL,1,'users','updated','App\\Models\\User',1,'Kayýt güncellendi','Sabri Dođru kaydýnda güncellenen alanlar: ','[]','[]',NULL,'127.0.0.1','Mozilla/5.0 (Windows NT 10.0; Win64; x64) AppleWebKit/537.36 (KHTML, like Gecko) Chrome/147.0.0.0 Safari/537.36','2026-04-23 14:29:21','2026-04-23 14:29:21'),(95,NULL,1,'users','created','App\\Models\\User',6,'Yeni kayýt oluţturuldu','hakký gündüz kaydý sisteme eklendi.',NULL,NULL,NULL,'127.0.0.1','Mozilla/5.0 (Windows NT 10.0; Win64; x64) AppleWebKit/537.36 (KHTML, like Gecko) Chrome/147.0.0.0 Safari/537.36','2026-04-23 14:32:49','2026-04-23 14:32:49'),(96,NULL,1,'users','updated','App\\Models\\User',1,'Kayýt güncellendi','Sabri Dođru kaydýnda güncellenen alanlar: ','[]','[]',NULL,'127.0.0.1','Mozilla/5.0 (Windows NT 10.0; Win64; x64) AppleWebKit/537.36 (KHTML, like Gecko) Chrome/147.0.0.0 Safari/537.36','2026-04-23 14:32:54','2026-04-23 14:32:54'),(97,NULL,1,'users','updated','App\\Models\\User',1,'Kayýt güncellendi','Sabri Dođru kaydýnda güncellenen alanlar: ','[]','[]',NULL,'127.0.0.1','Mozilla/5.0 (Windows NT 10.0; Win64; x64) AppleWebKit/537.36 (KHTML, like Gecko) Chrome/147.0.0.0 Safari/537.36','2026-04-23 14:34:05','2026-04-23 14:34:05'),(98,3,6,'vehicles','created','App\\Models\\Fleet\\Vehicle',45,'Yeni kayýt oluţturuldu','34ab2589 kaydý sisteme eklendi.',NULL,NULL,NULL,'127.0.0.1','Mozilla/5.0 (Windows NT 10.0; Win64; x64) AppleWebKit/537.36 (KHTML, like Gecko) Chrome/147.0.0.0 Safari/537.36','2026-04-23 14:36:19','2026-04-23 14:36:19'),(99,3,6,'vehicles','created','App\\Models\\Fleet\\Vehicle',45,'Yeni Araç Eklendi','34ab2589 plakalý yeni araç sisteme tanýmlandý.',NULL,'{\"plate\":\"34ab2589\",\"brand\":\"volkswagen\",\"model\":\"jetta\",\"vehicle_type\":\"Binek Ara\\u00e7\",\"vehicle_package\":\"Hususi\",\"model_year\":\"2011\",\"registration_date\":\"2026-04-23\",\"seat_count\":\"5\",\"gear_type\":\"Otomatik\",\"fuel_type\":\"Benzin + LPG\",\"color\":\"Di\\u011fer\",\"other_color\":\"gri\",\"engine_no\":null,\"chassis_no\":null,\"license_serial_no\":null,\"license_owner\":null,\"owner_tax_or_tc_no\":null,\"inspection_date\":null,\"exhaust_date\":null,\"insurance_end_date\":null,\"kasko_end_date\":null,\"notes\":null,\"is_active\":true,\"company_id\":3,\"public_image_upload_token\":\"bS73DJBnQZPfZvSy5RGOuOboYS2vgaARs5F06bH9\"}',NULL,'127.0.0.1','Mozilla/5.0 (Windows NT 10.0; Win64; x64) AppleWebKit/537.36 (KHTML, like Gecko) Chrome/147.0.0.0 Safari/537.36','2026-04-23 14:36:19','2026-04-23 14:36:19'),(100,3,6,'vehicles','created','App\\Models\\Fleet\\Vehicle',46,'Yeni kayýt oluţturuldu','42fmj01 kaydý sisteme eklendi.',NULL,NULL,NULL,'127.0.0.1','Mozilla/5.0 (Windows NT 10.0; Win64; x64) AppleWebKit/537.36 (KHTML, like Gecko) Chrome/147.0.0.0 Safari/537.36','2026-04-23 14:37:15','2026-04-23 14:37:15'),(101,3,6,'vehicles','created','App\\Models\\Fleet\\Vehicle',46,'Yeni Araç Eklendi','42fmj01 plakalý yeni araç sisteme tanýmlandý.',NULL,'{\"plate\":\"42fmj01\",\"brand\":\"hondA\",\"model\":\"c\\u0131v\\u0131c\",\"vehicle_type\":\"Binek Ara\\u00e7\",\"vehicle_package\":\"Hususi\",\"model_year\":\"2017\",\"registration_date\":\"2026-04-23\",\"seat_count\":\"5\",\"gear_type\":\"Otomatik\",\"fuel_type\":\"Benzin + LPG\",\"color\":\"Beyaz\",\"other_color\":null,\"engine_no\":null,\"chassis_no\":null,\"license_serial_no\":null,\"license_owner\":null,\"owner_tax_or_tc_no\":null,\"inspection_date\":null,\"exhaust_date\":null,\"insurance_end_date\":null,\"kasko_end_date\":null,\"notes\":null,\"is_active\":true,\"company_id\":3,\"public_image_upload_token\":\"gkliCSBwrUum9aZ4K7l1a7wly24hKyViFV6IRTTf\"}',NULL,'127.0.0.1','Mozilla/5.0 (Windows NT 10.0; Win64; x64) AppleWebKit/537.36 (KHTML, like Gecko) Chrome/147.0.0.0 Safari/537.36','2026-04-23 14:37:15','2026-04-23 14:37:15'),(102,NULL,1,'users','updated','App\\Models\\User',1,'Kayýt güncellendi','Sabri Dođru kaydýnda güncellenen alanlar: ','[]','[]',NULL,'127.0.0.1','Mozilla/5.0 (Windows NT 10.0; Win64; x64) AppleWebKit/537.36 (KHTML, like Gecko) Chrome/147.0.0.0 Safari/537.36','2026-04-24 06:58:12','2026-04-24 06:58:12'),(103,3,6,'vehicles','updated','App\\Models\\Fleet\\Vehicle',46,'Araç Güncellendi','42fmj01 plakalý araç bilgileri güncellendi.','{\"id\":46,\"plate\":\"42fmj01\",\"brand\":\"hondA\",\"model\":\"c\\u0131v\\u0131c\",\"vehicle_type\":\"Binek Ara\\u00e7\",\"vehicle_package\":\"Hususi\",\"model_year\":2017,\"registration_date\":\"2026-04-22T21:00:00.000000Z\",\"seat_count\":5,\"current_km\":0,\"status\":\"active\",\"gear_type\":\"Otomatik\",\"fuel_type\":\"Benzin + LPG\",\"color\":\"Beyaz\",\"other_color\":null,\"engine_no\":null,\"chassis_no\":null,\"license_serial_no\":null,\"license_owner\":null,\"owner_tax_or_tc_no\":null,\"inspection_date\":null,\"exhaust_date\":null,\"insurance_end_date\":null,\"kasko_end_date\":null,\"is_active\":true,\"notes\":null,\"public_image_upload_token\":\"gkliCSBwrUum9aZ4K7l1a7wly24hKyViFV6IRTTf\",\"created_at\":\"2026-04-23T14:37:15.000000Z\",\"updated_at\":\"2026-04-23T14:37:15.000000Z\",\"company_id\":3}','{\"plate\":\"42fmj01\",\"brand\":\"hondA\",\"model\":\"c\\u0131v\\u0131c\",\"vehicle_type\":\"Binek Ara\\u00e7\",\"vehicle_package\":\"Hususi\",\"model_year\":\"2017\",\"registration_date\":\"2026-04-23\",\"seat_count\":\"5\",\"gear_type\":\"Otomatik\",\"fuel_type\":\"Benzin + LPG\",\"color\":\"Beyaz\",\"other_color\":null,\"engine_no\":null,\"chassis_no\":null,\"license_serial_no\":null,\"license_owner\":null,\"owner_tax_or_tc_no\":null,\"inspection_date\":null,\"exhaust_date\":null,\"insurance_end_date\":null,\"kasko_end_date\":null,\"notes\":null,\"is_active\":true}',NULL,'127.0.0.1','Mozilla/5.0 (Windows NT 10.0; Win64; x64) AppleWebKit/537.36 (KHTML, like Gecko) Chrome/147.0.0.0 Safari/537.36','2026-04-24 06:58:28','2026-04-24 06:58:28'),(104,2,2,'drivers','created','App\\Models\\Fleet\\Driver',9,'Yeni kayýt oluţturuldu','SABRÝ DOĐRU kaydý sisteme eklendi.',NULL,NULL,NULL,'127.0.0.1','Mozilla/5.0 (Windows NT 10.0; Win64; x64) AppleWebKit/537.36 (KHTML, like Gecko) Chrome/147.0.0.0 Safari/537.36','2026-04-24 08:17:48','2026-04-24 08:17:48'),(105,2,2,'fuels','updated','App\\Models\\Fuel',5,'Kayýt güncellendi','5 kaydýnda güncellenen alanlar: km, updated_at','{\"km\":160000,\"updated_at\":\"2026-04-23T14:12:38.000000Z\"}','{\"km\":\"175000\",\"updated_at\":\"2026-04-24 11:35:20\"}',NULL,'127.0.0.1','Mozilla/5.0 (Windows NT 10.0; Win64; x64) AppleWebKit/537.36 (KHTML, like Gecko) Chrome/147.0.0.0 Safari/537.36','2026-04-24 08:35:20','2026-04-24 08:35:20'),(106,2,2,'drivers','updated','App\\Models\\Fleet\\Driver',8,'Kayýt güncellendi','MUZAFFER DEMÝR kaydýnda güncellenen alanlar: is_active, updated_at','{\"is_active\":false,\"updated_at\":\"2026-04-23T14:05:49.000000Z\"}','{\"is_active\":true,\"updated_at\":\"2026-04-24 11:36:08\"}',NULL,'127.0.0.1','Mozilla/5.0 (Windows NT 10.0; Win64; x64) AppleWebKit/537.36 (KHTML, like Gecko) Chrome/147.0.0.0 Safari/537.36','2026-04-24 08:36:08','2026-04-24 08:36:08'),(107,2,2,'drivers','updated','App\\Models\\Fleet\\Driver',8,'Kayýt güncellendi','MUZAFFER DEMÝR kaydýnda güncellenen alanlar: vehicle_id, updated_at','{\"vehicle_id\":null,\"updated_at\":\"2026-04-24T08:36:08.000000Z\"}','{\"vehicle_id\":\"7\",\"updated_at\":\"2026-04-24 11:36:22\"}',NULL,'127.0.0.1','Mozilla/5.0 (Windows NT 10.0; Win64; x64) AppleWebKit/537.36 (KHTML, like Gecko) Chrome/147.0.0.0 Safari/537.36','2026-04-24 08:36:22','2026-04-24 08:36:22'),(108,2,2,'drivers','updated','App\\Models\\Fleet\\Driver',9,'Kayýt güncellendi','SABRÝ DOĐRU kaydýnda güncellenen alanlar: leave_date, leave_shift, is_active, updated_at','{\"leave_date\":null,\"leave_shift\":null,\"is_active\":true,\"updated_at\":\"2026-04-24T08:17:48.000000Z\"}','{\"leave_date\":\"2026-04-24 00:00:00\",\"leave_shift\":\"morning\",\"is_active\":false,\"updated_at\":\"2026-04-24 11:38:27\"}',NULL,'127.0.0.1','Mozilla/5.0 (Windows NT 10.0; Win64; x64) AppleWebKit/537.36 (KHTML, like Gecko) Chrome/147.0.0.0 Safari/537.36','2026-04-24 08:38:27','2026-04-24 08:38:27'),(109,2,2,'drivers','updated','App\\Models\\Fleet\\Driver',8,'Kayýt güncellendi','MUZAFFER DEMÝR kaydýnda güncellenen alanlar: vehicle_id, updated_at','{\"vehicle_id\":7,\"updated_at\":\"2026-04-24T08:36:22.000000Z\"}','{\"vehicle_id\":\"8\",\"updated_at\":\"2026-04-24 11:39:02\"}',NULL,'127.0.0.1','Mozilla/5.0 (Windows NT 10.0; Win64; x64) AppleWebKit/537.36 (KHTML, like Gecko) Chrome/147.0.0.0 Safari/537.36','2026-04-24 08:39:02','2026-04-24 08:39:02'),(110,2,2,'drivers','updated','App\\Models\\Fleet\\Driver',8,'Kayýt güncellendi','MUZAFFER DEMÝR kaydýnda güncellenen alanlar: vehicle_id, updated_at','{\"vehicle_id\":8,\"updated_at\":\"2026-04-24T08:39:02.000000Z\"}','{\"vehicle_id\":\"7\",\"updated_at\":\"2026-04-24 11:39:08\"}',NULL,'127.0.0.1','Mozilla/5.0 (Windows NT 10.0; Win64; x64) AppleWebKit/537.36 (KHTML, like Gecko) Chrome/147.0.0.0 Safari/537.36','2026-04-24 08:39:08','2026-04-24 08:39:08'),(111,2,2,'maintenances','created','App\\Models\\VehicleMaintenance',8,'Yeni kayýt oluţturuldu','8 kaydý sisteme eklendi.',NULL,NULL,NULL,'127.0.0.1','Mozilla/5.0 (Windows NT 10.0; Win64; x64) AppleWebKit/537.36 (KHTML, like Gecko) Chrome/147.0.0.0 Safari/537.36','2026-04-24 08:47:45','2026-04-24 08:47:45'),(112,2,2,'documents','created','App\\Models\\Document',10,'Yeni kayýt oluţturuldu','10 kaydý sisteme eklendi.',NULL,NULL,NULL,'127.0.0.1','Mozilla/5.0 (Windows NT 10.0; Win64; x64) AppleWebKit/537.36 (KHTML, like Gecko) Chrome/147.0.0.0 Safari/537.36','2026-04-24 08:57:50','2026-04-24 08:57:50'),(113,2,2,'vehicles','document_uploaded','App\\Models\\Fleet\\Vehicle',4,'Araç Belgesi Eklendi','42BEY323 plakalý araca \'MUAYENE RAPORU\' belgesi eklendi.',NULL,NULL,NULL,'127.0.0.1','Mozilla/5.0 (Windows NT 10.0; Win64; x64) AppleWebKit/537.36 (KHTML, like Gecko) Chrome/147.0.0.0 Safari/537.36','2026-04-24 08:57:50','2026-04-24 08:57:50'),(114,2,2,'documents','deleted','App\\Models\\Document',9,'Kayýt silindi','9 kaydý sistemden silindi.','{\"id\":9,\"documentable_type\":\"App\\\\Models\\\\Fleet\\\\Vehicle\",\"documentable_id\":4,\"document_type\":\"Ruhsat\",\"issuer_name\":null,\"document_name\":\"RUHSAT BELGES\\u0130\",\"start_date\":\"2026-04-22T21:00:00.000000Z\",\"end_date\":null,\"archived_at\":null,\"file_path\":\"vehicle-documents\\/3OBja4NifZQGN8RPIkUx0w7fTbJ71JRuh0cJ1ina.pdf\",\"is_active\":1,\"notes\":null,\"created_at\":\"2026-04-23T13:45:43.000000Z\",\"updated_at\":\"2026-04-23T13:45:43.000000Z\",\"company_id\":2}',NULL,NULL,'127.0.0.1','Mozilla/5.0 (Windows NT 10.0; Win64; x64) AppleWebKit/537.36 (KHTML, like Gecko) Chrome/147.0.0.0 Safari/537.36','2026-04-24 08:57:57','2026-04-24 08:57:57'),(115,2,2,'vehicles','document_deleted','App\\Models\\Fleet\\Vehicle',4,'Araç Belgesi Silindi','42BEY323 plakalý aracýn bir belgesi silindi.',NULL,NULL,NULL,'127.0.0.1','Mozilla/5.0 (Windows NT 10.0; Win64; x64) AppleWebKit/537.36 (KHTML, like Gecko) Chrome/147.0.0.0 Safari/537.36','2026-04-24 08:57:57','2026-04-24 08:57:57'),(116,2,2,'documents','deleted','App\\Models\\Document',10,'Kayýt silindi','10 kaydý sistemden silindi.','{\"id\":10,\"documentable_type\":\"App\\\\Models\\\\Fleet\\\\Vehicle\",\"documentable_id\":4,\"document_type\":\"Muayene\",\"issuer_name\":\"T\\u00dcVT\\u00dcRK\",\"document_name\":\"MUAYENE RAPORU\",\"start_date\":\"2025-03-23T21:00:00.000000Z\",\"end_date\":null,\"archived_at\":null,\"file_path\":null,\"is_active\":1,\"notes\":null,\"created_at\":\"2026-04-24T08:57:50.000000Z\",\"updated_at\":\"2026-04-24T08:57:50.000000Z\",\"company_id\":2}',NULL,NULL,'127.0.0.1','Mozilla/5.0 (Windows NT 10.0; Win64; x64) AppleWebKit/537.36 (KHTML, like Gecko) Chrome/147.0.0.0 Safari/537.36','2026-04-24 08:58:10','2026-04-24 08:58:10'),(117,2,2,'vehicles','document_deleted','App\\Models\\Fleet\\Vehicle',4,'Araç Belgesi Silindi','42BEY323 plakalý aracýn bir belgesi silindi.',NULL,NULL,NULL,'127.0.0.1','Mozilla/5.0 (Windows NT 10.0; Win64; x64) AppleWebKit/537.36 (KHTML, like Gecko) Chrome/147.0.0.0 Safari/537.36','2026-04-24 08:58:10','2026-04-24 08:58:10'),(118,2,2,'documents','created','App\\Models\\Document',11,'Yeni kayýt oluţturuldu','11 kaydý sisteme eklendi.',NULL,NULL,NULL,'127.0.0.1','Mozilla/5.0 (Windows NT 10.0; Win64; x64) AppleWebKit/537.36 (KHTML, like Gecko) Chrome/147.0.0.0 Safari/537.36','2026-04-24 08:58:50','2026-04-24 08:58:50'),(119,2,2,'vehicles','document_uploaded','App\\Models\\Fleet\\Vehicle',4,'Araç Belgesi Eklendi','42BEY323 plakalý araca \'MUAYENE RAPORU\' belgesi eklendi.',NULL,NULL,NULL,'127.0.0.1','Mozilla/5.0 (Windows NT 10.0; Win64; x64) AppleWebKit/537.36 (KHTML, like Gecko) Chrome/147.0.0.0 Safari/537.36','2026-04-24 08:58:50','2026-04-24 08:58:50'),(120,2,2,'documents','created','App\\Models\\Document',12,'Yeni kayýt oluţturuldu','12 kaydý sisteme eklendi.',NULL,NULL,NULL,'127.0.0.1','Mozilla/5.0 (Windows NT 10.0; Win64; x64) AppleWebKit/537.36 (KHTML, like Gecko) Chrome/147.0.0.0 Safari/537.36','2026-04-24 08:59:45','2026-04-24 08:59:45'),(121,2,2,'vehicles','document_uploaded','App\\Models\\Fleet\\Vehicle',4,'Araç Belgesi Eklendi','42BEY323 plakalý araca \'SÝGORTA POLÝÇESÝ\' belgesi eklendi.',NULL,NULL,NULL,'127.0.0.1','Mozilla/5.0 (Windows NT 10.0; Win64; x64) AppleWebKit/537.36 (KHTML, like Gecko) Chrome/147.0.0.0 Safari/537.36','2026-04-24 08:59:45','2026-04-24 08:59:45'),(122,2,2,'documents','created','App\\Models\\Document',13,'Yeni kayýt oluţturuldu','13 kaydý sisteme eklendi.',NULL,NULL,NULL,'127.0.0.1','Mozilla/5.0 (Windows NT 10.0; Win64; x64) AppleWebKit/537.36 (KHTML, like Gecko) Chrome/147.0.0.0 Safari/537.36','2026-04-24 09:00:06','2026-04-24 09:00:06'),(123,2,2,'vehicles','document_uploaded','App\\Models\\Fleet\\Vehicle',4,'Araç Belgesi Eklendi','42BEY323 plakalý araca \'MUAYENE RAPORU\' belgesi eklendi.',NULL,NULL,NULL,'127.0.0.1','Mozilla/5.0 (Windows NT 10.0; Win64; x64) AppleWebKit/537.36 (KHTML, like Gecko) Chrome/147.0.0.0 Safari/537.36','2026-04-24 09:00:06','2026-04-24 09:00:06'),(124,2,2,'documents','created','App\\Models\\Document',14,'Yeni kayýt oluţturuldu','14 kaydý sisteme eklendi.',NULL,NULL,NULL,'127.0.0.1','Mozilla/5.0 (Windows NT 10.0; Win64; x64) AppleWebKit/537.36 (KHTML, like Gecko) Chrome/147.0.0.0 Safari/537.36','2026-04-24 09:40:07','2026-04-24 09:40:07'),(125,2,2,'vehicles','document_uploaded','App\\Models\\Fleet\\Vehicle',7,'Araç Belgesi Eklendi','42C0149 plakalý araca \'RUHSAT BELGESÝ\' belgesi eklendi.',NULL,NULL,NULL,'127.0.0.1','Mozilla/5.0 (Windows NT 10.0; Win64; x64) AppleWebKit/537.36 (KHTML, like Gecko) Chrome/147.0.0.0 Safari/537.36','2026-04-24 09:40:07','2026-04-24 09:40:07'),(126,2,2,'documents','created','App\\Models\\Document',15,'Yeni kayýt oluţturuldu','15 kaydý sisteme eklendi.',NULL,NULL,NULL,'127.0.0.1','Mozilla/5.0 (Windows NT 10.0; Win64; x64) AppleWebKit/537.36 (KHTML, like Gecko) Chrome/147.0.0.0 Safari/537.36','2026-04-24 09:40:26','2026-04-24 09:40:26'),(127,2,2,'vehicles','document_uploaded','App\\Models\\Fleet\\Vehicle',7,'Araç Belgesi Eklendi','42C0149 plakalý araca \'MUAYENE RAPORU\' belgesi eklendi.',NULL,NULL,NULL,'127.0.0.1','Mozilla/5.0 (Windows NT 10.0; Win64; x64) AppleWebKit/537.36 (KHTML, like Gecko) Chrome/147.0.0.0 Safari/537.36','2026-04-24 09:40:26','2026-04-24 09:40:26'),(128,2,2,'documents','created','App\\Models\\Document',16,'Yeni kayýt oluţturuldu','16 kaydý sisteme eklendi.',NULL,NULL,NULL,'127.0.0.1','Mozilla/5.0 (Windows NT 10.0; Win64; x64) AppleWebKit/537.36 (KHTML, like Gecko) Chrome/147.0.0.0 Safari/537.36','2026-04-24 09:40:43','2026-04-24 09:40:43'),(129,2,2,'vehicles','document_uploaded','App\\Models\\Fleet\\Vehicle',7,'Araç Belgesi Eklendi','42C0149 plakalý araca \'EGZOZ MUAYENE RAPORU\' belgesi eklendi.',NULL,NULL,NULL,'127.0.0.1','Mozilla/5.0 (Windows NT 10.0; Win64; x64) AppleWebKit/537.36 (KHTML, like Gecko) Chrome/147.0.0.0 Safari/537.36','2026-04-24 09:40:43','2026-04-24 09:40:43'),(130,NULL,1,'users','updated','App\\Models\\User',1,'Kayýt güncellendi','Sabri Dođru kaydýnda güncellenen alanlar: ','[]','[]',NULL,'127.0.0.1','Mozilla/5.0 (Windows NT 10.0; Win64; x64) AppleWebKit/537.36 (KHTML, like Gecko) Chrome/147.0.0.0 Safari/537.36','2026-04-24 09:50:16','2026-04-24 09:50:16'),(131,2,2,'fuels','updated','App\\Models\\Fuel',2,'Kayýt güncellendi','2 kaydýnda güncellenen alanlar: fuel_station_id, station_name, discount_amount, total_cost, updated_at','{\"fuel_station_id\":1,\"station_name\":\"LUKO\\u0130L PETROL\",\"discount_amount\":\"250.00\",\"total_cost\":\"2250.00\",\"updated_at\":\"2026-04-23T11:31:08.000000Z\"}','{\"fuel_station_id\":\"2\",\"station_name\":\"TOTAL\",\"discount_amount\":125,\"total_cost\":2375,\"updated_at\":\"2026-04-24 12:59:13\"}',NULL,'127.0.0.1','Mozilla/5.0 (Windows NT 10.0; Win64; x64) AppleWebKit/537.36 (KHTML, like Gecko) Chrome/147.0.0.0 Safari/537.36','2026-04-24 09:59:13','2026-04-24 09:59:13'),(132,2,2,'vehicles','updated','App\\Models\\Fleet\\Vehicle',7,'Kayýt güncellendi','42C0149 kaydýnda güncellenen alanlar: gear_type, kasko_end_date, updated_at','{\"gear_type\":\"30\",\"kasko_end_date\":null,\"updated_at\":\"2026-04-23T11:24:53.000000Z\"}','{\"gear_type\":null,\"kasko_end_date\":\"2026-04-27 00:00:00\",\"updated_at\":\"2026-04-24 13:00:55\"}',NULL,'127.0.0.1','Mozilla/5.0 (Windows NT 10.0; Win64; x64) AppleWebKit/537.36 (KHTML, like Gecko) Chrome/147.0.0.0 Safari/537.36','2026-04-24 10:00:55','2026-04-24 10:00:55'),(133,2,2,'vehicles','updated','App\\Models\\Fleet\\Vehicle',7,'Araç Güncellendi','42C0149 plakalý araç bilgileri güncellendi.','{\"id\":7,\"plate\":\"42C0149\",\"brand\":\"TEMSA\",\"model\":\"PREST\\u0130J\",\"vehicle_type\":\"Midib\\u00fcs\",\"vehicle_package\":\"Yolcu Nakli\",\"model_year\":2005,\"registration_date\":\"2026-04-22T21:00:00.000000Z\",\"seat_count\":30,\"current_km\":0,\"status\":\"active\",\"gear_type\":\"30\",\"fuel_type\":\"Dizel\",\"color\":\"Beyaz\",\"other_color\":null,\"engine_no\":\"4D34K32129\",\"chassis_no\":\"NLTBG659T01057498\",\"license_serial_no\":\"DJ579565\",\"license_owner\":\"MEHMET \\u00c7ELEB\\u0130 TUR\\u0130ZM T\\u0130C.LTD.\\u015eT\\u0130.\",\"owner_tax_or_tc_no\":\"6140084376\",\"inspection_date\":\"2026-07-26T21:00:00.000000Z\",\"exhaust_date\":\"2026-07-21T21:00:00.000000Z\",\"insurance_end_date\":\"2026-08-28T21:00:00.000000Z\",\"kasko_end_date\":null,\"is_active\":true,\"notes\":null,\"public_image_upload_token\":\"SSspkNc1gAjHovKtXJnoKeDZxwX3WFsbM21vNwJp\",\"created_at\":\"2026-04-23T11:24:53.000000Z\",\"updated_at\":\"2026-04-23T11:24:53.000000Z\",\"company_id\":2}','{\"plate\":\"42C0149\",\"brand\":\"TEMSA\",\"model\":\"PREST\\u0130J\",\"vehicle_type\":\"Midib\\u00fcs\",\"vehicle_package\":\"Yolcu Nakli\",\"model_year\":\"2005\",\"registration_date\":\"2026-04-23\",\"seat_count\":\"30\",\"gear_type\":null,\"fuel_type\":\"Dizel\",\"color\":\"Beyaz\",\"other_color\":null,\"engine_no\":\"4D34K32129\",\"chassis_no\":\"NLTBG659T01057498\",\"license_serial_no\":\"DJ579565\",\"license_owner\":\"MEHMET \\u00c7ELEB\\u0130 TUR\\u0130ZM T\\u0130C.LTD.\\u015eT\\u0130.\",\"owner_tax_or_tc_no\":\"6140084376\",\"inspection_date\":\"2026-07-27\",\"exhaust_date\":\"2026-07-22\",\"insurance_end_date\":\"2026-08-29\",\"kasko_end_date\":\"2026-04-27\",\"notes\":null,\"is_active\":true}',NULL,'127.0.0.1','Mozilla/5.0 (Windows NT 10.0; Win64; x64) AppleWebKit/537.36 (KHTML, like Gecko) Chrome/147.0.0.0 Safari/537.36','2026-04-24 10:00:55','2026-04-24 10:00:55'),(134,2,2,'fuel_station_payment','deleted','App\\Models\\FuelStationPayment',2,'Ýstasyon ödemesi silindi','TOTAL istasyonu için ödeme kaydý silindi.','{\"id\":2,\"company_id\":2,\"fuel_station_id\":2,\"payment_date\":\"2026-04-22T21:00:00.000000Z\",\"start_date\":\"2026-04-22T21:00:00.000000Z\",\"end_date\":null,\"amount\":\"9265.00\",\"payment_method\":\"eft\",\"notes\":null,\"created_at\":\"2026-04-23T14:13:37.000000Z\",\"updated_at\":\"2026-04-23T14:13:37.000000Z\",\"station\":{\"id\":2,\"company_id\":2,\"name\":\"TOTAL\",\"legal_name\":\"TOTAL\",\"address\":null,\"discount_type\":\"percentage\",\"discount_value\":\"5.00\",\"is_active\":true,\"created_at\":\"2026-04-23T14:11:56.000000Z\",\"updated_at\":\"2026-04-23T14:11:56.000000Z\"}}',NULL,NULL,'127.0.0.1','Mozilla/5.0 (Windows NT 10.0; Win64; x64) AppleWebKit/537.36 (KHTML, like Gecko) Chrome/147.0.0.0 Safari/537.36','2026-04-24 10:16:01','2026-04-24 10:16:01'),(135,2,2,'documents','created','App\\Models\\Document',17,'Yeni kayýt oluţturuldu','17 kaydý sisteme eklendi.',NULL,NULL,NULL,'127.0.0.1','Mozilla/5.0 (Windows NT 10.0; Win64; x64) AppleWebKit/537.36 (KHTML, like Gecko) Chrome/147.0.0.0 Safari/537.36','2026-04-24 10:21:27','2026-04-24 10:21:27'),(136,2,2,'vehicles','document_uploaded','App\\Models\\Fleet\\Vehicle',7,'Araç Belgesi Eklendi','42C0149 plakalý araca \'KOLTUK SÝGORTASI\' belgesi eklendi.',NULL,NULL,NULL,'127.0.0.1','Mozilla/5.0 (Windows NT 10.0; Win64; x64) AppleWebKit/537.36 (KHTML, like Gecko) Chrome/147.0.0.0 Safari/537.36','2026-04-24 10:21:27','2026-04-24 10:21:27'),(137,2,2,'maintenances','updated','App\\Models\\VehicleMaintenance',8,'Kayýt güncellendi','8 kaydýnda güncellenen alanlar: vehicle_id, updated_at','{\"vehicle_id\":37,\"updated_at\":\"2026-04-24T08:47:45.000000Z\"}','{\"vehicle_id\":\"7\",\"updated_at\":\"2026-04-24 13:29:33\"}',NULL,'127.0.0.1','Mozilla/5.0 (Windows NT 10.0; Win64; x64) AppleWebKit/537.36 (KHTML, like Gecko) Chrome/147.0.0.0 Safari/537.36','2026-04-24 10:29:33','2026-04-24 10:29:33'),(138,2,2,'maintenances','updated','App\\Models\\VehicleMaintenance',1,'Kayýt güncellendi','1 kaydýnda güncellenen alanlar: vehicle_id, next_service_km, updated_at','{\"vehicle_id\":4,\"next_service_km\":154325,\"updated_at\":\"2026-04-23T13:37:43.000000Z\"}','{\"vehicle_id\":\"7\",\"next_service_km\":null,\"updated_at\":\"2026-04-24 13:29:40\"}',NULL,'127.0.0.1','Mozilla/5.0 (Windows NT 10.0; Win64; x64) AppleWebKit/537.36 (KHTML, like Gecko) Chrome/147.0.0.0 Safari/537.36','2026-04-24 10:29:40','2026-04-24 10:29:40'),(139,2,2,'maintenances','created','App\\Models\\VehicleMaintenance',9,'Yeni kayýt oluţturuldu','9 kaydý sisteme eklendi.',NULL,NULL,NULL,'127.0.0.1','Mozilla/5.0 (Windows NT 10.0; Win64; x64) AppleWebKit/537.36 (KHTML, like Gecko) Chrome/147.0.0.0 Safari/537.36','2026-04-24 10:35:15','2026-04-24 10:35:15'),(140,2,2,'maintenances','updated','App\\Models\\VehicleMaintenance',9,'Kayýt güncellendi','9 kaydýnda güncellenen alanlar: description, updated_at','{\"description\":null,\"updated_at\":\"2026-04-24T10:35:15.000000Z\"}','{\"description\":\"F\\u0130LTRELER DE\\u011e\\u0130\\u015eT\\u0130 SO\\u011eUTUCU DE\\u011e\\u0130\\u015eT\\u0130\",\"updated_at\":\"2026-04-24 13:39:34\"}',NULL,'127.0.0.1','Mozilla/5.0 (Windows NT 10.0; Win64; x64) AppleWebKit/537.36 (KHTML, like Gecko) Chrome/147.0.0.0 Safari/537.36','2026-04-24 10:39:34','2026-04-24 10:39:34'),(141,2,2,'maintenances','created','App\\Models\\VehicleMaintenance',10,'Yeni kayýt oluţturuldu','10 kaydý sisteme eklendi.',NULL,NULL,NULL,'127.0.0.1','Mozilla/5.0 (Windows NT 10.0; Win64; x64) AppleWebKit/537.36 (KHTML, like Gecko) Chrome/147.0.0.0 Safari/537.36','2026-04-24 10:48:35','2026-04-24 10:48:35'),(142,2,2,'maintenances','updated','App\\Models\\VehicleMaintenance',10,'Kayýt güncellendi','10 kaydýnda güncellenen alanlar: vehicle_id, updated_at','{\"vehicle_id\":32,\"updated_at\":\"2026-04-24T10:48:35.000000Z\"}','{\"vehicle_id\":\"10\",\"updated_at\":\"2026-04-24 13:49:06\"}',NULL,'127.0.0.1','Mozilla/5.0 (Windows NT 10.0; Win64; x64) AppleWebKit/537.36 (KHTML, like Gecko) Chrome/147.0.0.0 Safari/537.36','2026-04-24 10:49:06','2026-04-24 10:49:06'),(143,NULL,1,'users','updated','App\\Models\\User',1,'Kayýt güncellendi','Sabri Dođru kaydýnda güncellenen alanlar: ','[]','[]',NULL,'127.0.0.1','Mozilla/5.0 (Windows NT 10.0; Win64; x64) AppleWebKit/537.36 (KHTML, like Gecko) Chrome/147.0.0.0 Safari/537.36','2026-04-24 10:54:23','2026-04-24 10:54:23'),(144,NULL,1,'users','updated','App\\Models\\User',1,'Kayýt güncellendi','Sabri Dođru kaydýnda güncellenen alanlar: ','[]','[]',NULL,'127.0.0.1','Mozilla/5.0 (Windows NT 10.0; Win64; x64) AppleWebKit/537.36 (KHTML, like Gecko) Chrome/147.0.0.0 Safari/537.36','2026-04-24 10:55:42','2026-04-24 10:55:42'),(145,2,2,'penalties','updated','App\\Models\\TrafficPenalty',1,'Kayýt güncellendi','1 kaydýnda güncellenen alanlar: vehicle_id, updated_at','{\"vehicle_id\":4,\"updated_at\":\"2026-04-23T13:43:07.000000Z\"}','{\"vehicle_id\":\"7\",\"updated_at\":\"2026-04-24 14:22:09\"}',NULL,'127.0.0.1','Mozilla/5.0 (Windows NT 10.0; Win64; x64) AppleWebKit/537.36 (KHTML, like Gecko) Chrome/147.0.0.0 Safari/537.36','2026-04-24 11:22:09','2026-04-24 11:22:09'),(146,2,2,'trips','updated','App\\Models\\Trip',56,'Kayýt güncellendi','56 kaydýnda güncellenen alanlar: vehicle_id, morning_vehicle_id, evening_vehicle_id, updated_at','{\"vehicle_id\":null,\"morning_vehicle_id\":null,\"evening_vehicle_id\":null,\"updated_at\":\"2026-04-22T19:11:20.000000Z\"}','{\"vehicle_id\":7,\"morning_vehicle_id\":7,\"evening_vehicle_id\":7,\"updated_at\":\"2026-04-24 14:50:14\"}',NULL,'127.0.0.1','Mozilla/5.0 (Windows NT 10.0; Win64; x64) AppleWebKit/537.36 (KHTML, like Gecko) Chrome/147.0.0.0 Safari/537.36','2026-04-24 11:50:14','2026-04-24 11:50:14'),(147,2,2,'trips','updated','App\\Models\\Trip',60,'Kayýt güncellendi','60 kaydýnda güncellenen alanlar: vehicle_id, morning_vehicle_id, evening_vehicle_id, driver_id, updated_at','{\"vehicle_id\":5,\"morning_vehicle_id\":5,\"evening_vehicle_id\":5,\"driver_id\":null,\"updated_at\":\"2026-04-23T14:18:32.000000Z\"}','{\"vehicle_id\":7,\"morning_vehicle_id\":7,\"evening_vehicle_id\":7,\"driver_id\":8,\"updated_at\":\"2026-04-24 14:50:21\"}',NULL,'127.0.0.1','Mozilla/5.0 (Windows NT 10.0; Win64; x64) AppleWebKit/537.36 (KHTML, like Gecko) Chrome/147.0.0.0 Safari/537.36','2026-04-24 11:50:21','2026-04-24 11:50:21'),(148,2,2,'trips','updated','App\\Models\\Trip',61,'Kayýt güncellendi','61 kaydýnda güncellenen alanlar: vehicle_id, morning_vehicle_id, evening_vehicle_id, driver_id, updated_at','{\"vehicle_id\":13,\"morning_vehicle_id\":13,\"evening_vehicle_id\":13,\"driver_id\":null,\"updated_at\":\"2026-04-23T14:18:47.000000Z\"}','{\"vehicle_id\":7,\"morning_vehicle_id\":7,\"evening_vehicle_id\":7,\"driver_id\":8,\"updated_at\":\"2026-04-24 14:50:24\"}',NULL,'127.0.0.1','Mozilla/5.0 (Windows NT 10.0; Win64; x64) AppleWebKit/537.36 (KHTML, like Gecko) Chrome/147.0.0.0 Safari/537.36','2026-04-24 11:50:24','2026-04-24 11:50:24'),(149,2,2,'trips','updated','App\\Models\\Trip',62,'Kayýt güncellendi','62 kaydýnda güncellenen alanlar: vehicle_id, morning_vehicle_id, evening_vehicle_id, driver_id, updated_at','{\"vehicle_id\":5,\"morning_vehicle_id\":5,\"evening_vehicle_id\":5,\"driver_id\":null,\"updated_at\":\"2026-04-23T14:18:57.000000Z\"}','{\"vehicle_id\":7,\"morning_vehicle_id\":7,\"evening_vehicle_id\":7,\"driver_id\":8,\"updated_at\":\"2026-04-24 14:50:28\"}',NULL,'127.0.0.1','Mozilla/5.0 (Windows NT 10.0; Win64; x64) AppleWebKit/537.36 (KHTML, like Gecko) Chrome/147.0.0.0 Safari/537.36','2026-04-24 11:50:28','2026-04-24 11:50:28'),(150,2,2,'vehicles','updated','App\\Models\\Fleet\\Vehicle',4,'Kayýt güncellendi','42BEY323 kaydýnda güncellenen alanlar: gear_type, is_active, updated_at','{\"gear_type\":\"16\",\"is_active\":true,\"updated_at\":\"2026-04-23T11:24:53.000000Z\"}','{\"gear_type\":null,\"is_active\":false,\"updated_at\":\"2026-04-24 15:08:13\"}',NULL,'127.0.0.1','Mozilla/5.0 (Windows NT 10.0; Win64; x64) AppleWebKit/537.36 (KHTML, like Gecko) Chrome/147.0.0.0 Safari/537.36','2026-04-24 12:08:13','2026-04-24 12:08:13'),(151,2,2,'vehicles','updated','App\\Models\\Fleet\\Vehicle',4,'Araç Güncellendi','42BEY323 plakalý araç bilgileri güncellendi.','{\"id\":4,\"plate\":\"42BEY323\",\"brand\":\"RENAULT\",\"model\":\"MASTER\",\"vehicle_type\":\"Minib\\u00fcs\",\"vehicle_package\":\"Yolcu Nakli\",\"model_year\":2008,\"registration_date\":\"2026-04-22T21:00:00.000000Z\",\"seat_count\":16,\"current_km\":0,\"status\":\"active\",\"gear_type\":\"16\",\"fuel_type\":\"Dizel\",\"color\":\"Beyaz\",\"other_color\":null,\"engine_no\":\"G9UC228792\",\"chassis_no\":\"VFIFDCUL638614759\",\"license_serial_no\":\"ID037982\",\"license_owner\":\"GLOBALTECH MAK\\u0130NA IMALAT SANAY\\u0130 VE T\\u0130CARET L\\u0130M\\u0130TED S\\u0130RKET\\u0130\",\"owner_tax_or_tc_no\":\"3960738919\",\"inspection_date\":\"2026-05-06T21:00:00.000000Z\",\"exhaust_date\":\"2026-05-06T21:00:00.000000Z\",\"insurance_end_date\":\"2026-11-24T21:00:00.000000Z\",\"kasko_end_date\":null,\"is_active\":true,\"notes\":null,\"public_image_upload_token\":\"gIJF4K9bmdodkPtciL4IIUMbZN6xLw1jq2KHlM8o\",\"created_at\":\"2026-04-23T11:24:53.000000Z\",\"updated_at\":\"2026-04-23T11:24:53.000000Z\",\"company_id\":2}','{\"plate\":\"42BEY323\",\"brand\":\"RENAULT\",\"model\":\"MASTER\",\"vehicle_type\":\"Minib\\u00fcs\",\"vehicle_package\":\"Yolcu Nakli\",\"model_year\":\"2008\",\"registration_date\":\"2026-04-23\",\"seat_count\":\"16\",\"gear_type\":null,\"fuel_type\":\"Dizel\",\"color\":\"Beyaz\",\"other_color\":null,\"engine_no\":\"G9UC228792\",\"chassis_no\":\"VFIFDCUL638614759\",\"license_serial_no\":\"ID037982\",\"license_owner\":\"GLOBALTECH MAK\\u0130NA IMALAT SANAY\\u0130 VE T\\u0130CARET L\\u0130M\\u0130TED S\\u0130RKET\\u0130\",\"owner_tax_or_tc_no\":\"3960738919\",\"inspection_date\":\"2026-05-07\",\"exhaust_date\":\"2026-05-07\",\"insurance_end_date\":\"2026-11-25\",\"kasko_end_date\":null,\"notes\":null,\"is_active\":false}',NULL,'127.0.0.1','Mozilla/5.0 (Windows NT 10.0; Win64; x64) AppleWebKit/537.36 (KHTML, like Gecko) Chrome/147.0.0.0 Safari/537.36','2026-04-24 12:08:13','2026-04-24 12:08:13'),(152,2,2,'users','updated','App\\Models\\User',2,'Kayýt güncellendi','RAMAZAN IRMAK kaydýnda güncellenen alanlar: updated_at','{\"updated_at\":\"2026-04-24T15:20:58.000000Z\"}','{\"updated_at\":\"2026-04-24 18:23:12\"}',NULL,'127.0.0.1','Mozilla/5.0 (Windows NT 10.0; Win64; x64) AppleWebKit/537.36 (KHTML, like Gecko) Chrome/147.0.0.0 Safari/537.36','2026-04-24 15:23:12','2026-04-24 15:23:12'),(153,2,2,'vehicles','updated','App\\Models\\Fleet\\Vehicle',3,'Kayýt güncellendi','42 AH 354 kaydýnda güncellenen alanlar: plate, vehicle_type, gear_type, updated_at','{\"plate\":\"42AH354\",\"vehicle_type\":\"Binek\",\"gear_type\":\"5\",\"updated_at\":\"2026-04-23T11:24:53.000000Z\"}','{\"plate\":\"42 AH 354\",\"vehicle_type\":null,\"gear_type\":null,\"updated_at\":\"2026-04-24 20:16:32\"}',NULL,'127.0.0.1','Mozilla/5.0 (Windows NT 10.0; Win64; x64) AppleWebKit/537.36 (KHTML, like Gecko) Chrome/147.0.0.0 Safari/537.36','2026-04-24 17:16:32','2026-04-24 17:16:32'),(154,2,2,'vehicles','updated','App\\Models\\Fleet\\Vehicle',3,'Araç Güncellendi','42 AH 354 plakalý araç bilgileri güncellendi.','{\"id\":3,\"plate\":\"42AH354\",\"brand\":\"WOLKSVAGEN\",\"model\":\"PASSAT\",\"vehicle_type\":\"Binek\",\"vehicle_package\":\"Yolcu Nakli\",\"model_year\":2014,\"registration_date\":\"2026-04-22T21:00:00.000000Z\",\"seat_count\":5,\"current_km\":0,\"status\":\"active\",\"gear_type\":\"5\",\"fuel_type\":\"Dizel\",\"color\":\"Di\\u011fer\",\"other_color\":\"Sar\\u0131 G\\u00fcm\\u00fc\\u015f\",\"engine_no\":\"CAYAD4108\",\"chassis_no\":\"WVWZZZ3CZFE007769\",\"license_serial_no\":\"EH799545\",\"license_owner\":\"MEHMET TA\\u015eIMACILIK T\\u0130C.LTD.\\u015eT\\u0130.\",\"owner_tax_or_tc_no\":\"6130942149\",\"inspection_date\":\"2027-03-21T21:00:00.000000Z\",\"exhaust_date\":\"2027-03-21T21:00:00.000000Z\",\"insurance_end_date\":\"2026-12-30T21:00:00.000000Z\",\"kasko_end_date\":null,\"is_active\":true,\"notes\":null,\"public_image_upload_token\":\"FCULngndE9RWaYe8e4IWg38I04z9uSpWWJspcR7p\",\"created_at\":\"2026-04-23T11:24:53.000000Z\",\"updated_at\":\"2026-04-23T11:24:53.000000Z\",\"company_id\":2}','{\"plate\":\"42 AH 354\",\"brand\":\"WOLKSVAGEN\",\"model\":\"PASSAT\",\"vehicle_type\":null,\"vehicle_package\":\"Yolcu Nakli\",\"model_year\":\"2014\",\"registration_date\":\"2026-04-23\",\"seat_count\":\"5\",\"gear_type\":null,\"fuel_type\":\"Dizel\",\"color\":\"Di\\u011fer\",\"other_color\":\"Sar\\u0131 G\\u00fcm\\u00fc\\u015f\",\"engine_no\":\"CAYAD4108\",\"chassis_no\":\"WVWZZZ3CZFE007769\",\"license_serial_no\":\"EH799545\",\"license_owner\":\"MEHMET TA\\u015eIMACILIK T\\u0130C.LTD.\\u015eT\\u0130.\",\"owner_tax_or_tc_no\":\"6130942149\",\"inspection_date\":\"2027-03-22\",\"exhaust_date\":\"2027-03-22\",\"insurance_end_date\":\"2026-12-31\",\"kasko_end_date\":null,\"notes\":null,\"is_active\":true}',NULL,'127.0.0.1','Mozilla/5.0 (Windows NT 10.0; Win64; x64) AppleWebKit/537.36 (KHTML, like Gecko) Chrome/147.0.0.0 Safari/537.36','2026-04-24 17:16:32','2026-04-24 17:16:32'),(155,2,2,'vehicles','updated','App\\Models\\Fleet\\Vehicle',4,'Kayýt güncellendi','42 BEY 323 kaydýnda güncellenen alanlar: plate, updated_at','{\"plate\":\"42BEY323\",\"updated_at\":\"2026-04-24T12:08:13.000000Z\"}','{\"plate\":\"42 BEY 323\",\"updated_at\":\"2026-04-24 20:16:38\"}',NULL,'127.0.0.1','Mozilla/5.0 (Windows NT 10.0; Win64; x64) AppleWebKit/537.36 (KHTML, like Gecko) Chrome/147.0.0.0 Safari/537.36','2026-04-24 17:16:38','2026-04-24 17:16:38'),(156,2,2,'vehicles','updated','App\\Models\\Fleet\\Vehicle',4,'Araç Güncellendi','42 BEY 323 plakalý araç bilgileri güncellendi.','{\"id\":4,\"plate\":\"42BEY323\",\"brand\":\"RENAULT\",\"model\":\"MASTER\",\"vehicle_type\":\"Minib\\u00fcs\",\"vehicle_package\":\"Yolcu Nakli\",\"model_year\":2008,\"registration_date\":\"2026-04-22T21:00:00.000000Z\",\"seat_count\":16,\"current_km\":0,\"status\":\"active\",\"gear_type\":null,\"fuel_type\":\"Dizel\",\"color\":\"Beyaz\",\"other_color\":null,\"engine_no\":\"G9UC228792\",\"chassis_no\":\"VFIFDCUL638614759\",\"license_serial_no\":\"ID037982\",\"license_owner\":\"GLOBALTECH MAK\\u0130NA IMALAT SANAY\\u0130 VE T\\u0130CARET L\\u0130M\\u0130TED S\\u0130RKET\\u0130\",\"owner_tax_or_tc_no\":\"3960738919\",\"inspection_date\":\"2026-05-06T21:00:00.000000Z\",\"exhaust_date\":\"2026-05-06T21:00:00.000000Z\",\"insurance_end_date\":\"2026-11-24T21:00:00.000000Z\",\"kasko_end_date\":null,\"is_active\":false,\"notes\":null,\"public_image_upload_token\":\"gIJF4K9bmdodkPtciL4IIUMbZN6xLw1jq2KHlM8o\",\"created_at\":\"2026-04-23T11:24:53.000000Z\",\"updated_at\":\"2026-04-24T12:08:13.000000Z\",\"company_id\":2}','{\"plate\":\"42 BEY 323\",\"brand\":\"RENAULT\",\"model\":\"MASTER\",\"vehicle_type\":\"Minib\\u00fcs\",\"vehicle_package\":\"Yolcu Nakli\",\"model_year\":\"2008\",\"registration_date\":\"2026-04-23\",\"seat_count\":\"16\",\"gear_type\":null,\"fuel_type\":\"Dizel\",\"color\":\"Beyaz\",\"other_color\":null,\"engine_no\":\"G9UC228792\",\"chassis_no\":\"VFIFDCUL638614759\",\"license_serial_no\":\"ID037982\",\"license_owner\":\"GLOBALTECH MAK\\u0130NA IMALAT SANAY\\u0130 VE T\\u0130CARET L\\u0130M\\u0130TED S\\u0130RKET\\u0130\",\"owner_tax_or_tc_no\":\"3960738919\",\"inspection_date\":\"2026-05-07\",\"exhaust_date\":\"2026-05-07\",\"insurance_end_date\":\"2026-11-25\",\"kasko_end_date\":null,\"notes\":null,\"is_active\":false}',NULL,'127.0.0.1','Mozilla/5.0 (Windows NT 10.0; Win64; x64) AppleWebKit/537.36 (KHTML, like Gecko) Chrome/147.0.0.0 Safari/537.36','2026-04-24 17:16:38','2026-04-24 17:16:38'),(157,2,2,'vehicles','updated','App\\Models\\Fleet\\Vehicle',5,'Kayýt güncellendi','42 C 0015 kaydýnda güncellenen alanlar: plate, gear_type, updated_at','{\"plate\":\"42C0015\",\"gear_type\":\"30\",\"updated_at\":\"2026-04-23T11:24:53.000000Z\"}','{\"plate\":\"42 C 0015\",\"gear_type\":null,\"updated_at\":\"2026-04-24 20:16:45\"}',NULL,'127.0.0.1','Mozilla/5.0 (Windows NT 10.0; Win64; x64) AppleWebKit/537.36 (KHTML, like Gecko) Chrome/147.0.0.0 Safari/537.36','2026-04-24 17:16:45','2026-04-24 17:16:45'),(158,2,2,'vehicles','updated','App\\Models\\Fleet\\Vehicle',5,'Araç Güncellendi','42 C 0015 plakalý araç bilgileri güncellendi.','{\"id\":5,\"plate\":\"42C0015\",\"brand\":\"OTOKAR\",\"model\":\"SULTAN\",\"vehicle_type\":\"Midib\\u00fcs\",\"vehicle_package\":\"Yolcu Nakli\",\"model_year\":2014,\"registration_date\":\"2026-04-22T21:00:00.000000Z\",\"seat_count\":30,\"current_km\":0,\"status\":\"active\",\"gear_type\":\"30\",\"fuel_type\":\"Dizel\",\"color\":\"Beyaz\",\"other_color\":null,\"engine_no\":\"22117058\",\"chassis_no\":\"NLRTMF100EA015005\",\"license_serial_no\":\"ID437544\",\"license_owner\":\"MEHMET TA\\u015eIMACILIK T\\u0130C.LTD.\\u015eT\\u0130.\",\"owner_tax_or_tc_no\":\"6130942149\",\"inspection_date\":\"2026-11-01T21:00:00.000000Z\",\"exhaust_date\":\"2026-10-30T21:00:00.000000Z\",\"insurance_end_date\":\"2026-10-30T21:00:00.000000Z\",\"kasko_end_date\":null,\"is_active\":true,\"notes\":null,\"public_image_upload_token\":\"f0hHEhEArAFYQT6nACP3FgsaLszgqbdyhJwJfBx9\",\"created_at\":\"2026-04-23T11:24:53.000000Z\",\"updated_at\":\"2026-04-23T11:24:53.000000Z\",\"company_id\":2}','{\"plate\":\"42 C 0015\",\"brand\":\"OTOKAR\",\"model\":\"SULTAN\",\"vehicle_type\":\"Midib\\u00fcs\",\"vehicle_package\":\"Yolcu Nakli\",\"model_year\":\"2014\",\"registration_date\":\"2026-04-23\",\"seat_count\":\"30\",\"gear_type\":null,\"fuel_type\":\"Dizel\",\"color\":\"Beyaz\",\"other_color\":null,\"engine_no\":\"22117058\",\"chassis_no\":\"NLRTMF100EA015005\",\"license_serial_no\":\"ID437544\",\"license_owner\":\"MEHMET TA\\u015eIMACILIK T\\u0130C.LTD.\\u015eT\\u0130.\",\"owner_tax_or_tc_no\":\"6130942149\",\"inspection_date\":\"2026-11-02\",\"exhaust_date\":\"2026-10-31\",\"insurance_end_date\":\"2026-10-31\",\"kasko_end_date\":null,\"notes\":null,\"is_active\":true}',NULL,'127.0.0.1','Mozilla/5.0 (Windows NT 10.0; Win64; x64) AppleWebKit/537.36 (KHTML, like Gecko) Chrome/147.0.0.0 Safari/537.36','2026-04-24 17:16:45','2026-04-24 17:16:45'),(159,2,2,'vehicles','updated','App\\Models\\Fleet\\Vehicle',6,'Kayýt güncellendi','42 C 0051 kaydýnda güncellenen alanlar: plate, gear_type, updated_at','{\"plate\":\"42C0051\",\"gear_type\":\"17\",\"updated_at\":\"2026-04-23T11:24:53.000000Z\"}','{\"plate\":\"42 C 0051\",\"gear_type\":null,\"updated_at\":\"2026-04-24 20:16:56\"}',NULL,'127.0.0.1','Mozilla/5.0 (Windows NT 10.0; Win64; x64) AppleWebKit/537.36 (KHTML, like Gecko) Chrome/147.0.0.0 Safari/537.36','2026-04-24 17:16:56','2026-04-24 17:16:56'),(160,2,2,'vehicles','updated','App\\Models\\Fleet\\Vehicle',6,'Araç Güncellendi','42 C 0051 plakalý araç bilgileri güncellendi.','{\"id\":6,\"plate\":\"42C0051\",\"brand\":\"RENAULT\",\"model\":\"MASTER\",\"vehicle_type\":\"Minib\\u00fcs\",\"vehicle_package\":\"Yolcu Nakli\",\"model_year\":2018,\"registration_date\":\"2026-04-22T21:00:00.000000Z\",\"seat_count\":17,\"current_km\":0,\"status\":\"active\",\"gear_type\":\"17\",\"fuel_type\":\"Dizel\",\"color\":\"Beyaz\",\"other_color\":null,\"engine_no\":\"M9TD880C049998\",\"chassis_no\":\"VF1VE34UR59387302\",\"license_serial_no\":\"GY426759\",\"license_owner\":\"MEHMET TA\\u015eIMACILIK T\\u0130C.LTD.\\u015eT\\u0130.\",\"owner_tax_or_tc_no\":\"6130942149\",\"inspection_date\":\"2026-05-14T21:00:00.000000Z\",\"exhaust_date\":\"2026-05-14T21:00:00.000000Z\",\"insurance_end_date\":\"2027-01-21T21:00:00.000000Z\",\"kasko_end_date\":null,\"is_active\":true,\"notes\":null,\"public_image_upload_token\":\"juEbgq6NyiuecUBaC1hxszu3bXriYdlUIgvOVO7S\",\"created_at\":\"2026-04-23T11:24:53.000000Z\",\"updated_at\":\"2026-04-23T11:24:53.000000Z\",\"company_id\":2}','{\"plate\":\"42 C 0051\",\"brand\":\"RENAULT\",\"model\":\"MASTER\",\"vehicle_type\":\"Minib\\u00fcs\",\"vehicle_package\":\"Yolcu Nakli\",\"model_year\":\"2018\",\"registration_date\":\"2026-04-23\",\"seat_count\":\"17\",\"gear_type\":null,\"fuel_type\":\"Dizel\",\"color\":\"Beyaz\",\"other_color\":null,\"engine_no\":\"M9TD880C049998\",\"chassis_no\":\"VF1VE34UR59387302\",\"license_serial_no\":\"GY426759\",\"license_owner\":\"MEHMET TA\\u015eIMACILIK T\\u0130C.LTD.\\u015eT\\u0130.\",\"owner_tax_or_tc_no\":\"6130942149\",\"inspection_date\":\"2026-05-15\",\"exhaust_date\":\"2026-05-15\",\"insurance_end_date\":\"2027-01-22\",\"kasko_end_date\":null,\"notes\":null,\"is_active\":true}',NULL,'127.0.0.1','Mozilla/5.0 (Windows NT 10.0; Win64; x64) AppleWebKit/537.36 (KHTML, like Gecko) Chrome/147.0.0.0 Safari/537.36','2026-04-24 17:16:56','2026-04-24 17:16:56'),(161,2,2,'vehicles','updated','App\\Models\\Fleet\\Vehicle',3,'Kayýt güncellendi','42 AH 354 kaydýnda güncellenen alanlar: vehicle_type, updated_at','{\"vehicle_type\":null,\"updated_at\":\"2026-04-24T17:16:32.000000Z\"}','{\"vehicle_type\":\"Binek Ara\\u00e7\",\"updated_at\":\"2026-04-24 20:19:14\"}',NULL,'127.0.0.1','Mozilla/5.0 (Windows NT 10.0; Win64; x64) AppleWebKit/537.36 (KHTML, like Gecko) Chrome/147.0.0.0 Safari/537.36','2026-04-24 17:19:14','2026-04-24 17:19:14'),(162,2,2,'vehicles','updated','App\\Models\\Fleet\\Vehicle',3,'Araç Güncellendi','42 AH 354 plakalý araç bilgileri güncellendi.','{\"id\":3,\"plate\":\"42 AH 354\",\"brand\":\"WOLKSVAGEN\",\"model\":\"PASSAT\",\"vehicle_type\":null,\"vehicle_package\":\"Yolcu Nakli\",\"model_year\":2014,\"registration_date\":\"2026-04-22T21:00:00.000000Z\",\"seat_count\":5,\"current_km\":0,\"status\":\"active\",\"gear_type\":null,\"fuel_type\":\"Dizel\",\"color\":\"Di\\u011fer\",\"other_color\":\"Sar\\u0131 G\\u00fcm\\u00fc\\u015f\",\"engine_no\":\"CAYAD4108\",\"chassis_no\":\"WVWZZZ3CZFE007769\",\"license_serial_no\":\"EH799545\",\"license_owner\":\"MEHMET TA\\u015eIMACILIK T\\u0130C.LTD.\\u015eT\\u0130.\",\"owner_tax_or_tc_no\":\"6130942149\",\"inspection_date\":\"2027-03-21T21:00:00.000000Z\",\"exhaust_date\":\"2027-03-21T21:00:00.000000Z\",\"insurance_end_date\":\"2026-12-30T21:00:00.000000Z\",\"kasko_end_date\":null,\"is_active\":true,\"notes\":null,\"public_image_upload_token\":\"FCULngndE9RWaYe8e4IWg38I04z9uSpWWJspcR7p\",\"created_at\":\"2026-04-23T11:24:53.000000Z\",\"updated_at\":\"2026-04-24T17:16:32.000000Z\",\"company_id\":2}','{\"plate\":\"42 AH 354\",\"brand\":\"WOLKSVAGEN\",\"model\":\"PASSAT\",\"vehicle_type\":\"Binek Ara\\u00e7\",\"vehicle_package\":\"Yolcu Nakli\",\"model_year\":\"2014\",\"registration_date\":\"2026-04-23\",\"seat_count\":\"5\",\"gear_type\":null,\"fuel_type\":\"Dizel\",\"color\":\"Di\\u011fer\",\"other_color\":\"Sar\\u0131 G\\u00fcm\\u00fc\\u015f\",\"engine_no\":\"CAYAD4108\",\"chassis_no\":\"WVWZZZ3CZFE007769\",\"license_serial_no\":\"EH799545\",\"license_owner\":\"MEHMET TA\\u015eIMACILIK T\\u0130C.LTD.\\u015eT\\u0130.\",\"owner_tax_or_tc_no\":\"6130942149\",\"inspection_date\":\"2027-03-22\",\"exhaust_date\":\"2027-03-22\",\"insurance_end_date\":\"2026-12-31\",\"kasko_end_date\":null,\"notes\":null,\"is_active\":true}',NULL,'127.0.0.1','Mozilla/5.0 (Windows NT 10.0; Win64; x64) AppleWebKit/537.36 (KHTML, like Gecko) Chrome/147.0.0.0 Safari/537.36','2026-04-24 17:19:14','2026-04-24 17:19:14'),(163,2,2,'vehicles','updated','App\\Models\\Fleet\\Vehicle',7,'Kayýt güncellendi','42C0149 kaydýnda güncellenen alanlar: inspection_date, updated_at','{\"inspection_date\":\"2026-07-26T21:00:00.000000Z\",\"updated_at\":\"2026-04-24T10:00:55.000000Z\"}','{\"inspection_date\":\"2026-04-27 00:00:00\",\"updated_at\":\"2026-04-24 20:24:43\"}',NULL,'127.0.0.1','Mozilla/5.0 (Windows NT 10.0; Win64; x64) AppleWebKit/537.36 (KHTML, like Gecko) Chrome/147.0.0.0 Safari/537.36','2026-04-24 17:24:43','2026-04-24 17:24:43'),(164,2,2,'vehicles','updated','App\\Models\\Fleet\\Vehicle',7,'Araç Güncellendi','42C0149 plakalý araç bilgileri güncellendi.','{\"id\":7,\"plate\":\"42C0149\",\"brand\":\"TEMSA\",\"model\":\"PREST\\u0130J\",\"vehicle_type\":\"Midib\\u00fcs\",\"vehicle_package\":\"Yolcu Nakli\",\"model_year\":2005,\"registration_date\":\"2026-04-22T21:00:00.000000Z\",\"seat_count\":30,\"current_km\":0,\"status\":\"active\",\"gear_type\":null,\"fuel_type\":\"Dizel\",\"color\":\"Beyaz\",\"other_color\":null,\"engine_no\":\"4D34K32129\",\"chassis_no\":\"NLTBG659T01057498\",\"license_serial_no\":\"DJ579565\",\"license_owner\":\"MEHMET \\u00c7ELEB\\u0130 TUR\\u0130ZM T\\u0130C.LTD.\\u015eT\\u0130.\",\"owner_tax_or_tc_no\":\"6140084376\",\"inspection_date\":\"2026-07-26T21:00:00.000000Z\",\"exhaust_date\":\"2026-07-21T21:00:00.000000Z\",\"insurance_end_date\":\"2026-08-28T21:00:00.000000Z\",\"kasko_end_date\":\"2026-04-26T21:00:00.000000Z\",\"is_active\":true,\"notes\":null,\"public_image_upload_token\":\"SSspkNc1gAjHovKtXJnoKeDZxwX3WFsbM21vNwJp\",\"created_at\":\"2026-04-23T11:24:53.000000Z\",\"updated_at\":\"2026-04-24T10:00:55.000000Z\",\"company_id\":2}','{\"plate\":\"42C0149\",\"brand\":\"TEMSA\",\"model\":\"PREST\\u0130J\",\"vehicle_type\":\"Midib\\u00fcs\",\"vehicle_package\":\"Yolcu Nakli\",\"model_year\":\"2005\",\"registration_date\":\"2026-04-23\",\"seat_count\":\"30\",\"gear_type\":null,\"fuel_type\":\"Dizel\",\"color\":\"Beyaz\",\"other_color\":null,\"engine_no\":\"4D34K32129\",\"chassis_no\":\"NLTBG659T01057498\",\"license_serial_no\":\"DJ579565\",\"license_owner\":\"MEHMET \\u00c7ELEB\\u0130 TUR\\u0130ZM T\\u0130C.LTD.\\u015eT\\u0130.\",\"owner_tax_or_tc_no\":\"6140084376\",\"inspection_date\":\"2026-04-27\",\"exhaust_date\":\"2026-07-22\",\"insurance_end_date\":\"2026-08-29\",\"kasko_end_date\":\"2026-04-27\",\"notes\":null,\"is_active\":true}',NULL,'127.0.0.1','Mozilla/5.0 (Windows NT 10.0; Win64; x64) AppleWebKit/537.36 (KHTML, like Gecko) Chrome/147.0.0.0 Safari/537.36','2026-04-24 17:24:43','2026-04-24 17:24:43'),(165,2,2,'vehicles','updated','App\\Models\\Fleet\\Vehicle',7,'Kayýt güncellendi','42C0149 kaydýnda güncellenen alanlar: insurance_end_date, updated_at','{\"insurance_end_date\":\"2026-08-28T21:00:00.000000Z\",\"updated_at\":\"2026-04-24T17:24:43.000000Z\"}','{\"insurance_end_date\":\"2026-04-29 00:00:00\",\"updated_at\":\"2026-04-24 20:48:04\"}',NULL,'127.0.0.1','Mozilla/5.0 (Windows NT 10.0; Win64; x64) AppleWebKit/537.36 (KHTML, like Gecko) Chrome/147.0.0.0 Safari/537.36','2026-04-24 17:48:04','2026-04-24 17:48:04'),(166,2,2,'vehicles','updated','App\\Models\\Fleet\\Vehicle',7,'Araç Güncellendi','42C0149 plakalý araç bilgileri güncellendi.','{\"id\":7,\"plate\":\"42C0149\",\"brand\":\"TEMSA\",\"model\":\"PREST\\u0130J\",\"vehicle_type\":\"Midib\\u00fcs\",\"vehicle_package\":\"Yolcu Nakli\",\"model_year\":2005,\"registration_date\":\"2026-04-22T21:00:00.000000Z\",\"seat_count\":30,\"current_km\":0,\"status\":\"active\",\"gear_type\":null,\"fuel_type\":\"Dizel\",\"color\":\"Beyaz\",\"other_color\":null,\"engine_no\":\"4D34K32129\",\"chassis_no\":\"NLTBG659T01057498\",\"license_serial_no\":\"DJ579565\",\"license_owner\":\"MEHMET \\u00c7ELEB\\u0130 TUR\\u0130ZM T\\u0130C.LTD.\\u015eT\\u0130.\",\"owner_tax_or_tc_no\":\"6140084376\",\"inspection_date\":\"2026-04-26T21:00:00.000000Z\",\"exhaust_date\":\"2026-07-21T21:00:00.000000Z\",\"insurance_end_date\":\"2026-08-28T21:00:00.000000Z\",\"kasko_end_date\":\"2026-04-26T21:00:00.000000Z\",\"is_active\":true,\"notes\":null,\"public_image_upload_token\":\"SSspkNc1gAjHovKtXJnoKeDZxwX3WFsbM21vNwJp\",\"created_at\":\"2026-04-23T11:24:53.000000Z\",\"updated_at\":\"2026-04-24T17:24:43.000000Z\",\"company_id\":2}','{\"plate\":\"42C0149\",\"brand\":\"TEMSA\",\"model\":\"PREST\\u0130J\",\"vehicle_type\":\"Midib\\u00fcs\",\"vehicle_package\":\"Yolcu Nakli\",\"model_year\":\"2005\",\"registration_date\":\"2026-04-23\",\"seat_count\":\"30\",\"gear_type\":null,\"fuel_type\":\"Dizel\",\"color\":\"Beyaz\",\"other_color\":null,\"engine_no\":\"4D34K32129\",\"chassis_no\":\"NLTBG659T01057498\",\"license_serial_no\":\"DJ579565\",\"license_owner\":\"MEHMET \\u00c7ELEB\\u0130 TUR\\u0130ZM T\\u0130C.LTD.\\u015eT\\u0130.\",\"owner_tax_or_tc_no\":\"6140084376\",\"inspection_date\":\"2026-04-27\",\"exhaust_date\":\"2026-07-22\",\"insurance_end_date\":\"2026-04-29\",\"kasko_end_date\":\"2026-04-27\",\"notes\":null,\"is_active\":true}',NULL,'127.0.0.1','Mozilla/5.0 (Windows NT 10.0; Win64; x64) AppleWebKit/537.36 (KHTML, like Gecko) Chrome/147.0.0.0 Safari/537.36','2026-04-24 17:48:04','2026-04-24 17:48:04'),(167,2,2,'vehicles','updated','App\\Models\\Fleet\\Vehicle',7,'Kayýt güncellendi','42 C 0149 kaydýnda güncellenen alanlar: plate, updated_at','{\"plate\":\"42C0149\",\"updated_at\":\"2026-04-24T17:48:04.000000Z\"}','{\"plate\":\"42 C 0149\",\"updated_at\":\"2026-04-24 22:20:06\"}',NULL,'127.0.0.1','Mozilla/5.0 (Windows NT 10.0; Win64; x64) AppleWebKit/537.36 (KHTML, like Gecko) Chrome/147.0.0.0 Safari/537.36','2026-04-24 19:20:06','2026-04-24 19:20:06'),(168,2,2,'vehicles','updated','App\\Models\\Fleet\\Vehicle',7,'Araç Güncellendi','42 C 0149 plakalý araç bilgileri güncellendi.','{\"id\":7,\"plate\":\"42C0149\",\"brand\":\"TEMSA\",\"model\":\"PREST\\u0130J\",\"vehicle_type\":\"Midib\\u00fcs\",\"vehicle_package\":\"Yolcu Nakli\",\"model_year\":2005,\"registration_date\":\"2026-04-22T21:00:00.000000Z\",\"seat_count\":30,\"current_km\":0,\"status\":\"active\",\"gear_type\":null,\"fuel_type\":\"Dizel\",\"color\":\"Beyaz\",\"other_color\":null,\"engine_no\":\"4D34K32129\",\"chassis_no\":\"NLTBG659T01057498\",\"license_serial_no\":\"DJ579565\",\"license_owner\":\"MEHMET \\u00c7ELEB\\u0130 TUR\\u0130ZM T\\u0130C.LTD.\\u015eT\\u0130.\",\"owner_tax_or_tc_no\":\"6140084376\",\"inspection_date\":\"2026-04-26T21:00:00.000000Z\",\"exhaust_date\":\"2026-07-21T21:00:00.000000Z\",\"insurance_end_date\":\"2026-04-28T21:00:00.000000Z\",\"kasko_end_date\":\"2026-04-26T21:00:00.000000Z\",\"is_active\":true,\"notes\":null,\"public_image_upload_token\":\"SSspkNc1gAjHovKtXJnoKeDZxwX3WFsbM21vNwJp\",\"created_at\":\"2026-04-23T11:24:53.000000Z\",\"updated_at\":\"2026-04-24T17:48:04.000000Z\",\"company_id\":2}','{\"plate\":\"42 C 0149\",\"brand\":\"TEMSA\",\"model\":\"PREST\\u0130J\",\"vehicle_type\":\"Midib\\u00fcs\",\"vehicle_package\":\"Yolcu Nakli\",\"model_year\":\"2005\",\"registration_date\":\"2026-04-23\",\"seat_count\":\"30\",\"gear_type\":null,\"fuel_type\":\"Dizel\",\"color\":\"Beyaz\",\"other_color\":null,\"engine_no\":\"4D34K32129\",\"chassis_no\":\"NLTBG659T01057498\",\"license_serial_no\":\"DJ579565\",\"license_owner\":\"MEHMET \\u00c7ELEB\\u0130 TUR\\u0130ZM T\\u0130C.LTD.\\u015eT\\u0130.\",\"owner_tax_or_tc_no\":\"6140084376\",\"inspection_date\":\"2026-04-27\",\"exhaust_date\":\"2026-07-22\",\"insurance_end_date\":\"2026-04-29\",\"kasko_end_date\":\"2026-04-27\",\"notes\":null,\"is_active\":true}',NULL,'127.0.0.1','Mozilla/5.0 (Windows NT 10.0; Win64; x64) AppleWebKit/537.36 (KHTML, like Gecko) Chrome/147.0.0.0 Safari/537.36','2026-04-24 19:20:06','2026-04-24 19:20:06'),(169,2,2,'maintenances','updated','App\\Models\\VehicleMaintenance',1,'Kayýt güncellendi','1 kaydýnda güncellenen alanlar: km, next_service_km, updated_at','{\"km\":144325,\"next_service_km\":null,\"updated_at\":\"2026-04-24T10:29:40.000000Z\"}','{\"km\":\"145500\",\"next_service_km\":155500,\"updated_at\":\"2026-04-24 22:28:08\"}',NULL,'127.0.0.1','Mozilla/5.0 (Windows NT 10.0; Win64; x64) AppleWebKit/537.36 (KHTML, like Gecko) Chrome/147.0.0.0 Safari/537.36','2026-04-24 19:28:08','2026-04-24 19:28:08'),(170,2,2,'maintenances','updated','App\\Models\\VehicleMaintenance',8,'Kayýt güncellendi','8 kaydýnda güncellenen alanlar: km, updated_at','{\"km\":528601,\"updated_at\":\"2026-04-24T10:29:33.000000Z\"}','{\"km\":\"145600\",\"updated_at\":\"2026-04-24 22:28:18\"}',NULL,'127.0.0.1','Mozilla/5.0 (Windows NT 10.0; Win64; x64) AppleWebKit/537.36 (KHTML, like Gecko) Chrome/147.0.0.0 Safari/537.36','2026-04-24 19:28:18','2026-04-24 19:28:18'),(171,2,2,'maintenances','updated','App\\Models\\VehicleMaintenance',9,'Kayýt güncellendi','9 kaydýnda güncellenen alanlar: km, next_service_km, updated_at','{\"km\":185524,\"next_service_km\":null,\"updated_at\":\"2026-04-24T10:39:34.000000Z\"}','{\"km\":\"145650\",\"next_service_km\":150650,\"updated_at\":\"2026-04-24 22:28:28\"}',NULL,'127.0.0.1','Mozilla/5.0 (Windows NT 10.0; Win64; x64) AppleWebKit/537.36 (KHTML, like Gecko) Chrome/147.0.0.0 Safari/537.36','2026-04-24 19:28:28','2026-04-24 19:28:28'),(172,2,2,'maintenances','updated','App\\Models\\VehicleMaintenance',9,'Kayýt güncellendi','9 kaydýnda güncellenen alanlar: km, next_service_km, updated_at','{\"km\":145650,\"next_service_km\":150650,\"updated_at\":\"2026-04-24T19:28:28.000000Z\"}','{\"km\":\"148450\",\"next_service_km\":153450,\"updated_at\":\"2026-04-24 22:30:09\"}',NULL,'127.0.0.1','Mozilla/5.0 (Windows NT 10.0; Win64; x64) AppleWebKit/537.36 (KHTML, like Gecko) Chrome/147.0.0.0 Safari/537.36','2026-04-24 19:30:09','2026-04-24 19:30:09'),(173,NULL,NULL,'users','deleted','App\\Models\\User',17,'Kayýt silindi','Admin User kaydý sistemden silindi.','{\"id\":17,\"name\":\"Admin User\",\"username\":null,\"email\":\"admin_api@test.com\",\"email_verified_at\":null,\"password\":\"$2y$12$FdaCNFnKgfPFIXdiZvKa0uLf8dqRba0on41AIjuO4a7CgOKKH18GK\",\"remember_token\":null,\"created_at\":\"2026-04-25T07:02:08.000000Z\",\"updated_at\":\"2026-04-25T07:02:08.000000Z\",\"company_id\":9993,\"customer_id\":null,\"role\":\"company_admin\",\"user_type\":\"staff\",\"is_active\":true,\"is_super_admin\":false,\"permissions_updated_at\":null}',NULL,NULL,'127.0.0.1','Symfony','2026-04-25 07:02:30','2026-04-25 07:02:30'),(175,NULL,NULL,'vehicles','deleted','App\\Models\\Fleet\\Vehicle',47,'Kayýt silindi','34TEST34 kaydý sistemden silindi.','{\"id\":47,\"plate\":\"34TEST34\",\"brand\":\"Test\",\"model\":\"Test\",\"vehicle_type\":null,\"vehicle_package\":null,\"model_year\":null,\"registration_date\":null,\"seat_count\":null,\"current_km\":0,\"status\":\"active\",\"gear_type\":null,\"fuel_type\":null,\"color\":null,\"other_color\":null,\"engine_no\":null,\"chassis_no\":null,\"license_serial_no\":null,\"license_owner\":null,\"owner_tax_or_tc_no\":null,\"inspection_date\":null,\"exhaust_date\":null,\"insurance_end_date\":null,\"kasko_end_date\":null,\"is_active\":true,\"notes\":null,\"public_image_upload_token\":\"b9D4BcrCVNttVVq1Qs6UR2z6ldjluzgHwiKEN5vO\",\"created_at\":\"2026-04-25T07:04:28.000000Z\",\"updated_at\":\"2026-04-25T07:04:28.000000Z\",\"company_id\":9994}',NULL,NULL,'127.0.0.1',NULL,'2026-04-25 07:04:29','2026-04-25 07:04:29'),(176,NULL,NULL,'vehicles','deleted','App\\Models\\Fleet\\Vehicle',48,'Kayýt silindi','34TEST34 kaydý sistemden silindi.','{\"id\":48,\"plate\":\"34TEST34\",\"brand\":\"Test\",\"model\":\"Test\",\"vehicle_type\":null,\"vehicle_package\":null,\"model_year\":null,\"registration_date\":null,\"seat_count\":null,\"current_km\":0,\"status\":\"active\",\"gear_type\":null,\"fuel_type\":null,\"color\":null,\"other_color\":null,\"engine_no\":null,\"chassis_no\":null,\"license_serial_no\":null,\"license_owner\":null,\"owner_tax_or_tc_no\":null,\"inspection_date\":null,\"exhaust_date\":null,\"insurance_end_date\":null,\"kasko_end_date\":null,\"is_active\":true,\"notes\":null,\"public_image_upload_token\":\"L1ngA71oPo0mVNJKnlT77E67dn9W8fwkUgpDqWvp\",\"created_at\":\"2026-04-25T07:04:49.000000Z\",\"updated_at\":\"2026-04-25T07:04:49.000000Z\",\"company_id\":9995}',NULL,NULL,'127.0.0.1',NULL,'2026-04-25 07:04:50','2026-04-25 07:04:50'),(177,NULL,NULL,'vehicles','deleted','App\\Models\\Fleet\\Vehicle',49,'Kayýt silindi','34TEST34 kaydý sistemden silindi.','{\"id\":49,\"plate\":\"34TEST34\",\"brand\":\"Test\",\"model\":\"Test\",\"vehicle_type\":null,\"vehicle_package\":null,\"model_year\":null,\"registration_date\":null,\"seat_count\":null,\"current_km\":0,\"status\":\"active\",\"gear_type\":null,\"fuel_type\":null,\"color\":null,\"other_color\":null,\"engine_no\":null,\"chassis_no\":null,\"license_serial_no\":null,\"license_owner\":null,\"owner_tax_or_tc_no\":null,\"inspection_date\":null,\"exhaust_date\":null,\"insurance_end_date\":null,\"kasko_end_date\":null,\"is_active\":true,\"notes\":null,\"public_image_upload_token\":\"cyJdbb29qfVzSDnW5bguBzH5BmxX4zaPapKOs3qJ\",\"created_at\":\"2026-04-25T07:05:32.000000Z\",\"updated_at\":\"2026-04-25T07:05:32.000000Z\",\"company_id\":9996}',NULL,NULL,'127.0.0.1',NULL,'2026-04-25 07:05:32','2026-04-25 07:05:32'),(178,NULL,NULL,'vehicles','deleted','App\\Models\\Fleet\\Vehicle',50,'Kayýt silindi','34TEST34 kaydý sistemden silindi.','{\"id\":50,\"plate\":\"34TEST34\",\"brand\":\"Test\",\"model\":\"Test\",\"vehicle_type\":null,\"vehicle_package\":null,\"model_year\":null,\"registration_date\":null,\"seat_count\":null,\"current_km\":0,\"status\":\"active\",\"gear_type\":null,\"fuel_type\":null,\"color\":null,\"other_color\":null,\"engine_no\":null,\"chassis_no\":null,\"license_serial_no\":null,\"license_owner\":null,\"owner_tax_or_tc_no\":null,\"inspection_date\":null,\"exhaust_date\":null,\"insurance_end_date\":null,\"kasko_end_date\":null,\"is_active\":true,\"notes\":null,\"public_image_upload_token\":\"xh3BLlc2qdqqVwBYWkG7MwruvVdqdvSXLQ0oKShc\",\"created_at\":\"2026-04-25T07:06:07.000000Z\",\"updated_at\":\"2026-04-25T07:06:07.000000Z\",\"company_id\":9997}',NULL,NULL,'127.0.0.1',NULL,'2026-04-25 07:06:07','2026-04-25 07:06:07'),(179,NULL,NULL,'vehicles','deleted','App\\Models\\Fleet\\Vehicle',51,'Kayýt silindi','34TEST34 kaydý sistemden silindi.','{\"id\":51,\"plate\":\"34TEST34\",\"brand\":\"Test\",\"model\":\"Test\",\"vehicle_type\":null,\"vehicle_package\":null,\"model_year\":null,\"registration_date\":null,\"seat_count\":null,\"current_km\":0,\"status\":\"active\",\"gear_type\":null,\"fuel_type\":null,\"color\":null,\"other_color\":null,\"engine_no\":null,\"chassis_no\":null,\"license_serial_no\":null,\"license_owner\":null,\"owner_tax_or_tc_no\":null,\"inspection_date\":null,\"exhaust_date\":null,\"insurance_end_date\":null,\"kasko_end_date\":null,\"is_active\":true,\"notes\":null,\"public_image_upload_token\":\"lx4MfLgzoQF0kEZDSQ4984TQduR2oGeLxcazipYo\",\"created_at\":\"2026-04-25T07:07:41.000000Z\",\"updated_at\":\"2026-04-25T07:07:41.000000Z\",\"company_id\":9998}',NULL,NULL,'127.0.0.1',NULL,'2026-04-25 07:07:42','2026-04-25 07:07:42'),(180,NULL,NULL,'vehicles','deleted','App\\Models\\Fleet\\Vehicle',52,'Kayýt silindi','34TEST34 kaydý sistemden silindi.','{\"id\":52,\"plate\":\"34TEST34\",\"brand\":\"Test\",\"model\":\"Test\",\"vehicle_type\":null,\"vehicle_package\":null,\"model_year\":null,\"registration_date\":null,\"seat_count\":null,\"current_km\":0,\"status\":\"active\",\"gear_type\":null,\"fuel_type\":null,\"color\":null,\"other_color\":null,\"engine_no\":null,\"chassis_no\":null,\"license_serial_no\":null,\"license_owner\":null,\"owner_tax_or_tc_no\":null,\"inspection_date\":null,\"exhaust_date\":null,\"insurance_end_date\":null,\"kasko_end_date\":null,\"is_active\":true,\"notes\":null,\"public_image_upload_token\":\"Hg83A5u8oYAA4YGfusJeVEHPzm382uUmAgIvwErd\",\"created_at\":\"2026-04-25T07:08:16.000000Z\",\"updated_at\":\"2026-04-25T07:08:16.000000Z\",\"company_id\":9999}',NULL,NULL,'127.0.0.1',NULL,'2026-04-25 07:08:16','2026-04-25 07:08:16'),(181,NULL,NULL,'vehicles','deleted','App\\Models\\Fleet\\Vehicle',53,'Kayýt silindi','34TEST34 kaydý sistemden silindi.','{\"id\":53,\"plate\":\"34TEST34\",\"brand\":\"Test\",\"model\":\"Test\",\"vehicle_type\":null,\"vehicle_package\":null,\"model_year\":null,\"registration_date\":null,\"seat_count\":null,\"current_km\":0,\"status\":\"active\",\"gear_type\":null,\"fuel_type\":null,\"color\":null,\"other_color\":null,\"engine_no\":null,\"chassis_no\":null,\"license_serial_no\":null,\"license_owner\":null,\"owner_tax_or_tc_no\":null,\"inspection_date\":null,\"exhaust_date\":null,\"insurance_end_date\":null,\"kasko_end_date\":null,\"is_active\":true,\"notes\":null,\"public_image_upload_token\":\"wm3MwaAwlDhpdLtgcjeZtdBj7L9inww90VVXHUFo\",\"created_at\":\"2026-04-25T07:08:50.000000Z\",\"updated_at\":\"2026-04-25T07:08:50.000000Z\",\"company_id\":10000}',NULL,NULL,'127.0.0.1',NULL,'2026-04-25 07:08:50','2026-04-25 07:08:50'),(182,NULL,NULL,'vehicles','deleted','App\\Models\\Fleet\\Vehicle',54,'Kayýt silindi','34TEST34 kaydý sistemden silindi.','{\"id\":54,\"plate\":\"34TEST34\",\"brand\":\"Test\",\"model\":\"Test\",\"vehicle_type\":null,\"vehicle_package\":null,\"model_year\":null,\"registration_date\":null,\"seat_count\":null,\"current_km\":0,\"status\":\"active\",\"gear_type\":null,\"fuel_type\":null,\"color\":null,\"other_color\":null,\"engine_no\":null,\"chassis_no\":null,\"license_serial_no\":null,\"license_owner\":null,\"owner_tax_or_tc_no\":null,\"inspection_date\":null,\"exhaust_date\":null,\"insurance_end_date\":null,\"kasko_end_date\":null,\"is_active\":true,\"notes\":null,\"public_image_upload_token\":\"TPIV7vseABZRaLOacf25BPQKD31f2q2pRT6aeb3N\",\"created_at\":\"2026-04-25T07:10:00.000000Z\",\"updated_at\":\"2026-04-25T07:10:00.000000Z\",\"company_id\":10001}',NULL,NULL,'127.0.0.1',NULL,'2026-04-25 07:10:01','2026-04-25 07:10:01'),(183,1,NULL,'customers','created','App\\Models\\Customer',2,'Yeni kayýt oluţturuldu','2 kaydý sisteme eklendi.',NULL,NULL,NULL,'127.0.0.1','Symfony','2026-04-25 07:28:10','2026-04-25 07:28:10'),(184,1,NULL,'customers','updated','App\\Models\\Customer',2,'Kayýt güncellendi','2 kaydýnda güncellenen alanlar: company_name','{\"company_name\":\"Test Customer A\"}','{\"company_name\":\"Updated Customer\"}',NULL,'127.0.0.1','Symfony','2026-04-25 07:28:10','2026-04-25 07:28:10'),(185,1,NULL,'customers','deleted','App\\Models\\Customer',2,'Kayýt silindi','2 kaydý sistemden silindi.','{\"id\":2,\"company_id\":1,\"customer_type\":\"company\",\"company_name\":\"Updated Customer\",\"company_title\":null,\"authorized_person\":null,\"authorized_phone\":null,\"phone\":null,\"email\":null,\"address\":null,\"contract_start_date\":null,\"contract_end_date\":null,\"monthly_price\":null,\"vat_rate\":\"20.00\",\"withholding_rate\":null,\"is_active\":true,\"notes\":null,\"created_at\":\"2026-04-25T07:28:10.000000Z\",\"updated_at\":\"2026-04-25T07:28:10.000000Z\"}',NULL,NULL,'127.0.0.1','Symfony','2026-04-25 07:28:10','2026-04-25 07:28:10'),(187,1,NULL,'trips','created','App\\Models\\Trip',63,'Yeni kayýt oluţturuldu','63 kaydý sisteme eklendi.',NULL,NULL,NULL,'127.0.0.1','Symfony','2026-04-25 07:45:01','2026-04-25 07:45:01'),(188,1,NULL,'trips','deleted','App\\Models\\Trip',63,'Kayýt silindi','63 kaydý sistemden silindi.','{\"id\":63,\"service_route_id\":5,\"vehicle_id\":null,\"morning_vehicle_id\":null,\"evening_vehicle_id\":null,\"driver_id\":null,\"trip_date\":\"2026-04-30T21:00:00.000000Z\",\"trip_status\":\"planned\",\"trip_price\":null,\"notes\":null,\"created_at\":\"2026-04-25T07:45:01.000000Z\",\"updated_at\":\"2026-04-25T07:45:01.000000Z\",\"company_id\":1}',NULL,NULL,'127.0.0.1','Symfony','2026-04-25 07:45:01','2026-04-25 07:45:01'),(189,1,NULL,'drivers','created','App\\Models\\Fleet\\Driver',10,'Yeni kayýt oluţturuldu','Test Driver kaydý sisteme eklendi.',NULL,NULL,NULL,'127.0.0.1','Symfony','2026-04-25 07:45:01','2026-04-25 07:45:01'),(190,1,NULL,'drivers','deleted','App\\Models\\Fleet\\Driver',10,'Kayýt silindi','Test Driver kaydý sistemden silindi.','{\"id\":10,\"vehicle_id\":null,\"full_name\":\"Test Driver\",\"tc_no\":\"12345678901\",\"phone\":null,\"email\":null,\"license_class\":null,\"src_type\":null,\"license_expiry_date\":null,\"src_expiry_date\":null,\"psychotechnic_expiry_date\":null,\"birth_date\":null,\"start_date\":null,\"start_shift\":\"morning\",\"leave_date\":null,\"leave_shift\":null,\"base_salary\":null,\"is_active\":true,\"address\":null,\"notes\":null,\"created_at\":\"2026-04-25T07:45:01.000000Z\",\"updated_at\":\"2026-04-25T07:45:01.000000Z\",\"company_id\":1}',NULL,NULL,'127.0.0.1','Symfony','2026-04-25 07:45:01','2026-04-25 07:45:01'),(191,1,NULL,'maintenances','created','App\\Models\\VehicleMaintenance',11,'Yeni kayýt oluţturuldu','11 kaydý sisteme eklendi.',NULL,NULL,NULL,'127.0.0.1','Symfony','2026-04-25 07:45:01','2026-04-25 07:45:01'),(192,1,NULL,'maintenances','deleted','App\\Models\\VehicleMaintenance',11,'Kayýt silindi','11 kaydý sistemden silindi.','{\"id\":11,\"company_id\":1,\"vehicle_id\":55,\"created_by\":null,\"maintenance_type\":\"Periyodik\",\"title\":\"Test Maintenance\",\"service_date\":\"2026-04-30T21:00:00.000000Z\",\"service_name\":null,\"description\":null,\"amount\":\"0.00\",\"km\":null,\"next_service_date\":null,\"next_service_km\":null,\"status\":\"completed\",\"created_at\":\"2026-04-25T07:45:01.000000Z\",\"updated_at\":\"2026-04-25T07:45:01.000000Z\"}',NULL,NULL,'127.0.0.1','Symfony','2026-04-25 07:45:01','2026-04-25 07:45:01'),(194,1,NULL,'trips','created','App\\Models\\Trip',64,'Yeni kayýt oluţturuldu','64 kaydý sisteme eklendi.',NULL,NULL,NULL,'127.0.0.1','Symfony','2026-04-25 07:47:08','2026-04-25 07:47:08'),(195,1,NULL,'trips','deleted','App\\Models\\Trip',64,'Kayýt silindi','64 kaydý sistemden silindi.','{\"id\":64,\"service_route_id\":5,\"vehicle_id\":null,\"morning_vehicle_id\":null,\"evening_vehicle_id\":null,\"driver_id\":null,\"trip_date\":\"2026-04-30T21:00:00.000000Z\",\"trip_status\":\"planned\",\"trip_price\":null,\"notes\":null,\"created_at\":\"2026-04-25T07:47:07.000000Z\",\"updated_at\":\"2026-04-25T07:47:07.000000Z\",\"company_id\":1}',NULL,NULL,'127.0.0.1','Symfony','2026-04-25 07:47:08','2026-04-25 07:47:08'),(196,1,NULL,'drivers','created','App\\Models\\Fleet\\Driver',11,'Yeni kayýt oluţturuldu','Test Driver kaydý sisteme eklendi.',NULL,NULL,NULL,'127.0.0.1','Symfony','2026-04-25 07:47:08','2026-04-25 07:47:08'),(197,1,NULL,'drivers','deleted','App\\Models\\Fleet\\Driver',11,'Kayýt silindi','Test Driver kaydý sistemden silindi.','{\"id\":11,\"vehicle_id\":null,\"full_name\":\"Test Driver\",\"tc_no\":\"12345678901\",\"phone\":null,\"email\":null,\"license_class\":null,\"src_type\":null,\"license_expiry_date\":null,\"src_expiry_date\":null,\"psychotechnic_expiry_date\":null,\"birth_date\":null,\"start_date\":null,\"start_shift\":\"morning\",\"leave_date\":null,\"leave_shift\":null,\"base_salary\":null,\"is_active\":true,\"address\":null,\"notes\":null,\"created_at\":\"2026-04-25T07:47:08.000000Z\",\"updated_at\":\"2026-04-25T07:47:08.000000Z\",\"company_id\":1}',NULL,NULL,'127.0.0.1','Symfony','2026-04-25 07:47:08','2026-04-25 07:47:08'),(198,1,NULL,'maintenances','created','App\\Models\\VehicleMaintenance',12,'Yeni kayýt oluţturuldu','12 kaydý sisteme eklendi.',NULL,NULL,NULL,'127.0.0.1','Symfony','2026-04-25 07:47:08','2026-04-25 07:47:08'),(199,1,NULL,'maintenances','deleted','App\\Models\\VehicleMaintenance',12,'Kayýt silindi','12 kaydý sistemden silindi.','{\"id\":12,\"company_id\":1,\"vehicle_id\":55,\"created_by\":null,\"maintenance_type\":\"Periyodik\",\"title\":\"Test Maintenance\",\"service_date\":\"2026-04-30T21:00:00.000000Z\",\"service_name\":null,\"description\":null,\"amount\":\"0.00\",\"km\":null,\"next_service_date\":null,\"next_service_km\":null,\"status\":\"completed\",\"created_at\":\"2026-04-25T07:47:08.000000Z\",\"updated_at\":\"2026-04-25T07:47:08.000000Z\"}',NULL,NULL,'127.0.0.1','Symfony','2026-04-25 07:47:08','2026-04-25 07:47:08'),(201,1,NULL,'trips','created','App\\Models\\Trip',65,'Yeni kayýt oluţturuldu','65 kaydý sisteme eklendi.',NULL,NULL,NULL,'127.0.0.1','Symfony','2026-04-25 07:49:05','2026-04-25 07:49:05'),(202,1,NULL,'trips','deleted','App\\Models\\Trip',65,'Kayýt silindi','65 kaydý sistemden silindi.','{\"id\":65,\"service_route_id\":5,\"vehicle_id\":null,\"morning_vehicle_id\":null,\"evening_vehicle_id\":null,\"driver_id\":null,\"trip_date\":\"2026-04-30T21:00:00.000000Z\",\"trip_status\":\"planned\",\"trip_price\":null,\"notes\":null,\"created_at\":\"2026-04-25T07:49:05.000000Z\",\"updated_at\":\"2026-04-25T07:49:05.000000Z\",\"company_id\":1}',NULL,NULL,'127.0.0.1','Symfony','2026-04-25 07:49:05','2026-04-25 07:49:05'),(203,1,NULL,'drivers','created','App\\Models\\Fleet\\Driver',12,'Yeni kayýt oluţturuldu','Test Driver kaydý sisteme eklendi.',NULL,NULL,NULL,'127.0.0.1','Symfony','2026-04-25 07:49:05','2026-04-25 07:49:05'),(204,1,NULL,'drivers','deleted','App\\Models\\Fleet\\Driver',12,'Kayýt silindi','Test Driver kaydý sistemden silindi.','{\"id\":12,\"vehicle_id\":null,\"full_name\":\"Test Driver\",\"tc_no\":\"12345678901\",\"phone\":null,\"email\":null,\"license_class\":null,\"src_type\":null,\"license_expiry_date\":null,\"src_expiry_date\":null,\"psychotechnic_expiry_date\":null,\"birth_date\":null,\"start_date\":null,\"start_shift\":\"morning\",\"leave_date\":null,\"leave_shift\":null,\"base_salary\":null,\"is_active\":true,\"address\":null,\"notes\":null,\"created_at\":\"2026-04-25T07:49:05.000000Z\",\"updated_at\":\"2026-04-25T07:49:05.000000Z\",\"company_id\":1}',NULL,NULL,'127.0.0.1','Symfony','2026-04-25 07:49:05','2026-04-25 07:49:05'),(205,1,NULL,'maintenances','created','App\\Models\\VehicleMaintenance',13,'Yeni kayýt oluţturuldu','13 kaydý sisteme eklendi.',NULL,NULL,NULL,'127.0.0.1','Symfony','2026-04-25 07:49:05','2026-04-25 07:49:05'),(206,1,NULL,'maintenances','deleted','App\\Models\\VehicleMaintenance',13,'Kayýt silindi','13 kaydý sistemden silindi.','{\"id\":13,\"company_id\":1,\"vehicle_id\":55,\"created_by\":null,\"maintenance_type\":\"Periyodik\",\"title\":\"Test Maintenance\",\"service_date\":\"2026-04-30T21:00:00.000000Z\",\"service_name\":null,\"description\":null,\"amount\":\"0.00\",\"km\":null,\"next_service_date\":null,\"next_service_km\":null,\"status\":\"completed\",\"created_at\":\"2026-04-25T07:49:05.000000Z\",\"updated_at\":\"2026-04-25T07:49:05.000000Z\"}',NULL,NULL,'127.0.0.1','Symfony','2026-04-25 07:49:05','2026-04-25 07:49:05'),(208,1,NULL,'trips','created','App\\Models\\Trip',66,'Yeni kayýt oluţturuldu','66 kaydý sisteme eklendi.',NULL,NULL,NULL,'127.0.0.1','Symfony','2026-04-25 07:49:41','2026-04-25 07:49:41'),(209,1,NULL,'trips','deleted','App\\Models\\Trip',66,'Kayýt silindi','66 kaydý sistemden silindi.','{\"id\":66,\"service_route_id\":5,\"vehicle_id\":null,\"morning_vehicle_id\":null,\"evening_vehicle_id\":null,\"driver_id\":null,\"trip_date\":\"2026-04-30T21:00:00.000000Z\",\"trip_status\":\"planned\",\"trip_price\":null,\"notes\":null,\"created_at\":\"2026-04-25T07:49:41.000000Z\",\"updated_at\":\"2026-04-25T07:49:41.000000Z\",\"company_id\":1}',NULL,NULL,'127.0.0.1','Symfony','2026-04-25 07:49:41','2026-04-25 07:49:41'),(210,1,NULL,'drivers','created','App\\Models\\Fleet\\Driver',13,'Yeni kayýt oluţturuldu','Test Driver kaydý sisteme eklendi.',NULL,NULL,NULL,'127.0.0.1','Symfony','2026-04-25 07:49:41','2026-04-25 07:49:41'),(211,1,NULL,'drivers','deleted','App\\Models\\Fleet\\Driver',13,'Kayýt silindi','Test Driver kaydý sistemden silindi.','{\"id\":13,\"vehicle_id\":null,\"full_name\":\"Test Driver\",\"tc_no\":\"12345678901\",\"phone\":null,\"email\":null,\"license_class\":null,\"src_type\":null,\"license_expiry_date\":null,\"src_expiry_date\":null,\"psychotechnic_expiry_date\":null,\"birth_date\":null,\"start_date\":null,\"start_shift\":\"morning\",\"leave_date\":null,\"leave_shift\":null,\"base_salary\":null,\"is_active\":true,\"address\":null,\"notes\":null,\"created_at\":\"2026-04-25T07:49:41.000000Z\",\"updated_at\":\"2026-04-25T07:49:41.000000Z\",\"company_id\":1}',NULL,NULL,'127.0.0.1','Symfony','2026-04-25 07:49:41','2026-04-25 07:49:41'),(212,1,NULL,'maintenances','created','App\\Models\\VehicleMaintenance',14,'Yeni kayýt oluţturuldu','14 kaydý sisteme eklendi.',NULL,NULL,NULL,'127.0.0.1','Symfony','2026-04-25 07:49:41','2026-04-25 07:49:41'),(213,1,NULL,'maintenances','deleted','App\\Models\\VehicleMaintenance',14,'Kayýt silindi','14 kaydý sistemden silindi.','{\"id\":14,\"company_id\":1,\"vehicle_id\":55,\"created_by\":null,\"maintenance_type\":\"Periyodik\",\"title\":\"Test Maintenance\",\"service_date\":\"2026-04-30T21:00:00.000000Z\",\"service_name\":null,\"description\":null,\"amount\":\"0.00\",\"km\":null,\"next_service_date\":null,\"next_service_km\":null,\"status\":\"completed\",\"created_at\":\"2026-04-25T07:49:41.000000Z\",\"updated_at\":\"2026-04-25T07:49:41.000000Z\"}',NULL,NULL,'127.0.0.1','Symfony','2026-04-25 07:49:41','2026-04-25 07:49:41'),(215,1,47,'trips','created','App\\Models\\Trip',67,'Yeni kayýt oluţturuldu','67 kaydý sisteme eklendi.',NULL,NULL,NULL,'127.0.0.1','Symfony','2026-04-25 07:51:15','2026-04-25 07:51:15'),(216,1,47,'trips','deleted','App\\Models\\Trip',67,'Kayýt silindi','67 kaydý sistemden silindi.','{\"id\":67,\"service_route_id\":5,\"vehicle_id\":null,\"morning_vehicle_id\":null,\"evening_vehicle_id\":null,\"driver_id\":null,\"trip_date\":\"2026-04-30T21:00:00.000000Z\",\"trip_status\":\"planned\",\"trip_price\":null,\"notes\":null,\"created_at\":\"2026-04-25T07:51:15.000000Z\",\"updated_at\":\"2026-04-25T07:51:15.000000Z\",\"company_id\":1}',NULL,NULL,'127.0.0.1','Symfony','2026-04-25 07:51:15','2026-04-25 07:51:15'),(217,1,47,'drivers','created','App\\Models\\Fleet\\Driver',14,'Yeni kayýt oluţturuldu','Test Driver kaydý sisteme eklendi.',NULL,NULL,NULL,'127.0.0.1','Symfony','2026-04-25 07:51:15','2026-04-25 07:51:15'),(218,1,47,'drivers','deleted','App\\Models\\Fleet\\Driver',14,'Kayýt silindi','Test Driver kaydý sistemden silindi.','{\"id\":14,\"vehicle_id\":null,\"full_name\":\"Test Driver\",\"tc_no\":\"12345678901\",\"phone\":null,\"email\":null,\"license_class\":null,\"src_type\":null,\"license_expiry_date\":null,\"src_expiry_date\":null,\"psychotechnic_expiry_date\":null,\"birth_date\":null,\"start_date\":null,\"start_shift\":\"morning\",\"leave_date\":null,\"leave_shift\":null,\"base_salary\":null,\"is_active\":true,\"address\":null,\"notes\":null,\"created_at\":\"2026-04-25T07:51:15.000000Z\",\"updated_at\":\"2026-04-25T07:51:15.000000Z\",\"company_id\":1}',NULL,NULL,'127.0.0.1','Symfony','2026-04-25 07:51:15','2026-04-25 07:51:15'),(219,1,47,'maintenances','created','App\\Models\\VehicleMaintenance',15,'Yeni kayýt oluţturuldu','15 kaydý sisteme eklendi.',NULL,NULL,NULL,'127.0.0.1','Symfony','2026-04-25 07:51:15','2026-04-25 07:51:15'),(220,1,47,'maintenances','deleted','App\\Models\\VehicleMaintenance',15,'Kayýt silindi','15 kaydý sistemden silindi.','{\"id\":15,\"company_id\":1,\"vehicle_id\":55,\"created_by\":null,\"maintenance_type\":\"Periyodik\",\"title\":\"Test Maintenance\",\"service_date\":\"2026-04-30T21:00:00.000000Z\",\"service_name\":null,\"description\":null,\"amount\":\"0.00\",\"km\":null,\"next_service_date\":null,\"next_service_km\":null,\"status\":\"completed\",\"created_at\":\"2026-04-25T07:51:15.000000Z\",\"updated_at\":\"2026-04-25T07:51:15.000000Z\"}',NULL,NULL,'127.0.0.1','Symfony','2026-04-25 07:51:15','2026-04-25 07:51:15'),(221,1,47,'trips','created','App\\Models\\Trip',68,'Yeni kayýt oluţturuldu','68 kaydý sisteme eklendi.',NULL,NULL,NULL,'127.0.0.1','Symfony','2026-04-25 07:51:25','2026-04-25 07:51:25'),(222,1,47,'trips','deleted','App\\Models\\Trip',68,'Kayýt silindi','68 kaydý sistemden silindi.','{\"id\":68,\"service_route_id\":5,\"vehicle_id\":null,\"morning_vehicle_id\":null,\"evening_vehicle_id\":null,\"driver_id\":null,\"trip_date\":\"2026-04-30T21:00:00.000000Z\",\"trip_status\":\"planned\",\"trip_price\":null,\"notes\":null,\"created_at\":\"2026-04-25T07:51:25.000000Z\",\"updated_at\":\"2026-04-25T07:51:25.000000Z\",\"company_id\":1}',NULL,NULL,'127.0.0.1','Symfony','2026-04-25 07:51:25','2026-04-25 07:51:25'),(223,1,47,'drivers','created','App\\Models\\Fleet\\Driver',15,'Yeni kayýt oluţturuldu','Test Driver kaydý sisteme eklendi.',NULL,NULL,NULL,'127.0.0.1','Symfony','2026-04-25 07:51:25','2026-04-25 07:51:25'),(224,1,47,'drivers','deleted','App\\Models\\Fleet\\Driver',15,'Kayýt silindi','Test Driver kaydý sistemden silindi.','{\"id\":15,\"vehicle_id\":null,\"full_name\":\"Test Driver\",\"tc_no\":\"12345678901\",\"phone\":null,\"email\":null,\"license_class\":null,\"src_type\":null,\"license_expiry_date\":null,\"src_expiry_date\":null,\"psychotechnic_expiry_date\":null,\"birth_date\":null,\"start_date\":null,\"start_shift\":\"morning\",\"leave_date\":null,\"leave_shift\":null,\"base_salary\":null,\"is_active\":true,\"address\":null,\"notes\":null,\"created_at\":\"2026-04-25T07:51:25.000000Z\",\"updated_at\":\"2026-04-25T07:51:25.000000Z\",\"company_id\":1}',NULL,NULL,'127.0.0.1','Symfony','2026-04-25 07:51:25','2026-04-25 07:51:25'),(225,1,47,'maintenances','created','App\\Models\\VehicleMaintenance',16,'Yeni kayýt oluţturuldu','16 kaydý sisteme eklendi.',NULL,NULL,NULL,'127.0.0.1','Symfony','2026-04-25 07:51:25','2026-04-25 07:51:25'),(226,1,47,'maintenances','deleted','App\\Models\\VehicleMaintenance',16,'Kayýt silindi','16 kaydý sistemden silindi.','{\"id\":16,\"company_id\":1,\"vehicle_id\":55,\"created_by\":null,\"maintenance_type\":\"Periyodik\",\"title\":\"Test Maintenance\",\"service_date\":\"2026-04-30T21:00:00.000000Z\",\"service_name\":null,\"description\":null,\"amount\":\"0.00\",\"km\":null,\"next_service_date\":null,\"next_service_km\":null,\"status\":\"completed\",\"created_at\":\"2026-04-25T07:51:25.000000Z\",\"updated_at\":\"2026-04-25T07:51:25.000000Z\"}',NULL,NULL,'127.0.0.1','Symfony','2026-04-25 07:51:25','2026-04-25 07:51:25'),(227,1,47,'trips','created','App\\Models\\Trip',69,'Yeni kayýt oluţturuldu','69 kaydý sisteme eklendi.',NULL,NULL,NULL,'127.0.0.1','Symfony','2026-04-25 07:52:08','2026-04-25 07:52:08'),(228,1,47,'trips','deleted','App\\Models\\Trip',69,'Kayýt silindi','69 kaydý sistemden silindi.','{\"id\":69,\"service_route_id\":5,\"vehicle_id\":null,\"morning_vehicle_id\":null,\"evening_vehicle_id\":null,\"driver_id\":null,\"trip_date\":\"2026-04-30T21:00:00.000000Z\",\"trip_status\":\"planned\",\"trip_price\":null,\"notes\":null,\"created_at\":\"2026-04-25T07:52:08.000000Z\",\"updated_at\":\"2026-04-25T07:52:08.000000Z\",\"company_id\":1}',NULL,NULL,'127.0.0.1','Symfony','2026-04-25 07:52:08','2026-04-25 07:52:08'),(229,1,47,'drivers','created','App\\Models\\Fleet\\Driver',16,'Yeni kayýt oluţturuldu','Test Driver kaydý sisteme eklendi.',NULL,NULL,NULL,'127.0.0.1','Symfony','2026-04-25 07:52:08','2026-04-25 07:52:08'),(230,1,47,'drivers','deleted','App\\Models\\Fleet\\Driver',16,'Kayýt silindi','Test Driver kaydý sistemden silindi.','{\"id\":16,\"vehicle_id\":null,\"full_name\":\"Test Driver\",\"tc_no\":\"12345678901\",\"phone\":null,\"email\":null,\"license_class\":null,\"src_type\":null,\"license_expiry_date\":null,\"src_expiry_date\":null,\"psychotechnic_expiry_date\":null,\"birth_date\":null,\"start_date\":null,\"start_shift\":\"morning\",\"leave_date\":null,\"leave_shift\":null,\"base_salary\":null,\"is_active\":true,\"address\":null,\"notes\":null,\"created_at\":\"2026-04-25T07:52:08.000000Z\",\"updated_at\":\"2026-04-25T07:52:08.000000Z\",\"company_id\":1}',NULL,NULL,'127.0.0.1','Symfony','2026-04-25 07:52:08','2026-04-25 07:52:08'),(231,1,47,'maintenances','created','App\\Models\\VehicleMaintenance',17,'Yeni kayýt oluţturuldu','17 kaydý sisteme eklendi.',NULL,NULL,NULL,'127.0.0.1','Symfony','2026-04-25 07:52:09','2026-04-25 07:52:09'),(232,1,47,'maintenances','deleted','App\\Models\\VehicleMaintenance',17,'Kayýt silindi','17 kaydý sistemden silindi.','{\"id\":17,\"company_id\":1,\"vehicle_id\":55,\"created_by\":null,\"maintenance_type\":\"Periyodik\",\"title\":\"Test Maintenance\",\"service_date\":\"2026-04-30T21:00:00.000000Z\",\"service_name\":null,\"description\":null,\"amount\":\"0.00\",\"km\":null,\"next_service_date\":null,\"next_service_km\":null,\"status\":\"completed\",\"created_at\":\"2026-04-25T07:52:09.000000Z\",\"updated_at\":\"2026-04-25T07:52:09.000000Z\"}',NULL,NULL,'127.0.0.1','Symfony','2026-04-25 07:52:09','2026-04-25 07:52:09'),(233,1,47,'trips','created','App\\Models\\Trip',70,'Yeni kayýt oluţturuldu','70 kaydý sisteme eklendi.',NULL,NULL,NULL,'127.0.0.1','Symfony','2026-04-25 07:52:40','2026-04-25 07:52:40'),(234,1,47,'trips','deleted','App\\Models\\Trip',70,'Kayýt silindi','70 kaydý sistemden silindi.','{\"id\":70,\"service_route_id\":5,\"vehicle_id\":null,\"morning_vehicle_id\":null,\"evening_vehicle_id\":null,\"driver_id\":null,\"trip_date\":\"2026-04-30T21:00:00.000000Z\",\"trip_status\":\"planned\",\"trip_price\":null,\"notes\":null,\"created_at\":\"2026-04-25T07:52:40.000000Z\",\"updated_at\":\"2026-04-25T07:52:40.000000Z\",\"company_id\":1}',NULL,NULL,'127.0.0.1','Symfony','2026-04-25 07:52:40','2026-04-25 07:52:40'),(235,1,47,'drivers','created','App\\Models\\Fleet\\Driver',17,'Yeni kayýt oluţturuldu','Test Driver kaydý sisteme eklendi.',NULL,NULL,NULL,'127.0.0.1','Symfony','2026-04-25 07:52:40','2026-04-25 07:52:40'),(236,1,47,'drivers','deleted','App\\Models\\Fleet\\Driver',17,'Kayýt silindi','Test Driver kaydý sistemden silindi.','{\"id\":17,\"vehicle_id\":null,\"full_name\":\"Test Driver\",\"tc_no\":\"12345678901\",\"phone\":null,\"email\":null,\"license_class\":null,\"src_type\":null,\"license_expiry_date\":null,\"src_expiry_date\":null,\"psychotechnic_expiry_date\":null,\"birth_date\":null,\"start_date\":null,\"start_shift\":\"morning\",\"leave_date\":null,\"leave_shift\":null,\"base_salary\":null,\"is_active\":true,\"address\":null,\"notes\":null,\"created_at\":\"2026-04-25T07:52:40.000000Z\",\"updated_at\":\"2026-04-25T07:52:40.000000Z\",\"company_id\":1}',NULL,NULL,'127.0.0.1','Symfony','2026-04-25 07:52:40','2026-04-25 07:52:40'),(237,1,47,'fuels','created','App\\Models\\Fuel',6,'Yeni kayýt oluţturuldu','6 kaydý sisteme eklendi.',NULL,NULL,NULL,'127.0.0.1','Symfony','2026-04-25 07:52:40','2026-04-25 07:52:40'),(238,1,47,'fuels','deleted','App\\Models\\Fuel',6,'Kayýt silindi','6 kaydý sistemden silindi.','{\"id\":6,\"vehicle_id\":55,\"fuel_station_id\":null,\"station_name\":null,\"fuel_type\":\"Dizel\",\"date\":\"2026-04-30T21:00:00.000000Z\",\"liters\":\"50.00\",\"price_per_liter\":\"45.00\",\"gross_total_cost\":\"2250.00\",\"discount_amount\":\"0.00\",\"total_cost\":\"2250.00\",\"km\":null,\"notes\":null,\"created_at\":\"2026-04-25T07:52:40.000000Z\",\"updated_at\":\"2026-04-25T07:52:40.000000Z\",\"company_id\":1}',NULL,NULL,'127.0.0.1','Symfony','2026-04-25 07:52:40','2026-04-25 07:52:40'),(239,1,47,'maintenances','created','App\\Models\\VehicleMaintenance',18,'Yeni kayýt oluţturuldu','18 kaydý sisteme eklendi.',NULL,NULL,NULL,'127.0.0.1','Symfony','2026-04-25 07:52:40','2026-04-25 07:52:40'),(240,1,47,'maintenances','deleted','App\\Models\\VehicleMaintenance',18,'Kayýt silindi','18 kaydý sistemden silindi.','{\"id\":18,\"company_id\":1,\"vehicle_id\":55,\"created_by\":null,\"maintenance_type\":\"Periyodik\",\"title\":\"Test Maintenance\",\"service_date\":\"2026-04-30T21:00:00.000000Z\",\"service_name\":null,\"description\":null,\"amount\":\"0.00\",\"km\":null,\"next_service_date\":null,\"next_service_km\":null,\"status\":\"completed\",\"created_at\":\"2026-04-25T07:52:40.000000Z\",\"updated_at\":\"2026-04-25T07:52:40.000000Z\"}',NULL,NULL,'127.0.0.1','Symfony','2026-04-25 07:52:40','2026-04-25 07:52:40'),(241,1,47,'trips','created','App\\Models\\Trip',71,'Yeni kayýt oluţturuldu','71 kaydý sisteme eklendi.',NULL,NULL,NULL,'127.0.0.1','Symfony','2026-04-25 07:52:56','2026-04-25 07:52:56'),(242,1,47,'trips','deleted','App\\Models\\Trip',71,'Kayýt silindi','71 kaydý sistemden silindi.','{\"id\":71,\"service_route_id\":5,\"vehicle_id\":null,\"morning_vehicle_id\":null,\"evening_vehicle_id\":null,\"driver_id\":null,\"trip_date\":\"2026-04-30T21:00:00.000000Z\",\"trip_status\":\"planned\",\"trip_price\":null,\"notes\":null,\"created_at\":\"2026-04-25T07:52:56.000000Z\",\"updated_at\":\"2026-04-25T07:52:56.000000Z\",\"company_id\":1}',NULL,NULL,'127.0.0.1','Symfony','2026-04-25 07:52:56','2026-04-25 07:52:56'),(243,1,47,'drivers','created','App\\Models\\Fleet\\Driver',18,'Yeni kayýt oluţturuldu','Test Driver kaydý sisteme eklendi.',NULL,NULL,NULL,'127.0.0.1','Symfony','2026-04-25 07:52:56','2026-04-25 07:52:56'),(244,1,47,'drivers','deleted','App\\Models\\Fleet\\Driver',18,'Kayýt silindi','Test Driver kaydý sistemden silindi.','{\"id\":18,\"vehicle_id\":null,\"full_name\":\"Test Driver\",\"tc_no\":\"12345678901\",\"phone\":null,\"email\":null,\"license_class\":null,\"src_type\":null,\"license_expiry_date\":null,\"src_expiry_date\":null,\"psychotechnic_expiry_date\":null,\"birth_date\":null,\"start_date\":null,\"start_shift\":\"morning\",\"leave_date\":null,\"leave_shift\":null,\"base_salary\":null,\"is_active\":true,\"address\":null,\"notes\":null,\"created_at\":\"2026-04-25T07:52:56.000000Z\",\"updated_at\":\"2026-04-25T07:52:56.000000Z\",\"company_id\":1}',NULL,NULL,'127.0.0.1','Symfony','2026-04-25 07:52:56','2026-04-25 07:52:56'),(245,1,47,'fuels','created','App\\Models\\Fuel',7,'Yeni kayýt oluţturuldu','7 kaydý sisteme eklendi.',NULL,NULL,NULL,'127.0.0.1','Symfony','2026-04-25 07:52:56','2026-04-25 07:52:56'),(246,1,47,'fuels','deleted','App\\Models\\Fuel',7,'Kayýt silindi','7 kaydý sistemden silindi.','{\"id\":7,\"vehicle_id\":55,\"fuel_station_id\":null,\"station_name\":null,\"fuel_type\":\"Dizel\",\"date\":\"2026-04-30T21:00:00.000000Z\",\"liters\":\"50.00\",\"price_per_liter\":\"45.00\",\"gross_total_cost\":\"2250.00\",\"discount_amount\":\"0.00\",\"total_cost\":\"2250.00\",\"km\":null,\"notes\":null,\"created_at\":\"2026-04-25T07:52:56.000000Z\",\"updated_at\":\"2026-04-25T07:52:56.000000Z\",\"company_id\":1}',NULL,NULL,'127.0.0.1','Symfony','2026-04-25 07:52:56','2026-04-25 07:52:56'),(247,1,47,'maintenances','created','App\\Models\\VehicleMaintenance',19,'Yeni kayýt oluţturuldu','19 kaydý sisteme eklendi.',NULL,NULL,NULL,'127.0.0.1','Symfony','2026-04-25 07:52:56','2026-04-25 07:52:56'),(248,1,47,'maintenances','deleted','App\\Models\\VehicleMaintenance',19,'Kayýt silindi','19 kaydý sistemden silindi.','{\"id\":19,\"company_id\":1,\"vehicle_id\":55,\"created_by\":null,\"maintenance_type\":\"Periyodik\",\"title\":\"Test Maintenance\",\"service_date\":\"2026-04-30T21:00:00.000000Z\",\"service_name\":null,\"description\":null,\"amount\":\"0.00\",\"km\":null,\"next_service_date\":null,\"next_service_km\":null,\"status\":\"completed\",\"created_at\":\"2026-04-25T07:52:56.000000Z\",\"updated_at\":\"2026-04-25T07:52:56.000000Z\"}',NULL,NULL,'127.0.0.1','Symfony','2026-04-25 07:52:56','2026-04-25 07:52:56'),(249,1,50,'penalties','created','App\\Models\\TrafficPenalty',2,'Yeni kayýt oluţturuldu','2 kaydý sisteme eklendi.',NULL,NULL,NULL,'127.0.0.1','Symfony','2026-04-25 08:06:22','2026-04-25 08:06:22'),(250,1,50,'penalties','deleted','App\\Models\\TrafficPenalty',2,'Kayýt silindi','2 kaydý sistemden silindi.','{\"id\":2,\"company_id\":1,\"vehicle_id\":58,\"penalty_no\":\"PEN-123\",\"penalty_date\":\"2023-12-31T21:00:00.000000Z\",\"penalty_time\":null,\"penalty_article\":\"Madde 1\",\"penalty_location\":\"Istanbul\",\"penalty_amount\":\"1500.00\",\"discounted_amount\":\"1125.00\",\"driver_name\":\"Test Driver\",\"payment_date\":\"2024-01-09T21:00:00.000000Z\",\"paid_amount\":\"1125.00\",\"payment_status\":\"unpaid\",\"traffic_penalty_document\":null,\"payment_receipt\":null,\"notes\":null,\"created_at\":\"2026-04-25T08:06:22.000000Z\",\"updated_at\":\"2026-04-25T08:06:22.000000Z\"}',NULL,NULL,'127.0.0.1','Symfony','2026-04-25 08:06:22','2026-04-25 08:06:22'),(251,1,50,'documents','created','App\\Models\\Document',18,'Yeni kayýt oluţturuldu','18 kaydý sisteme eklendi.',NULL,NULL,NULL,'127.0.0.1','Symfony','2026-04-25 08:06:22','2026-04-25 08:06:22'),(252,1,50,'documents','deleted','App\\Models\\Document',18,'Kayýt silindi','18 kaydý sistemden silindi.','{\"id\":18,\"documentable_type\":\"App\\\\Models\\\\Fleet\\\\Vehicle\",\"documentable_id\":58,\"document_type\":\"Ruhsat\",\"issuer_name\":null,\"document_name\":\"Arac Ruhsati\",\"start_date\":null,\"end_date\":null,\"archived_at\":null,\"file_path\":null,\"is_active\":1,\"notes\":null,\"created_at\":\"2026-04-25T08:06:22.000000Z\",\"updated_at\":\"2026-04-25T08:06:22.000000Z\",\"company_id\":1}',NULL,NULL,'127.0.0.1','Symfony','2026-04-25 08:06:22','2026-04-25 08:06:22'),(253,2,2,'users','updated','App\\Models\\User',2,'Kayýt güncellendi','RAMAZAN IRMAK kaydýnda güncellenen alanlar: ','[]','[]',NULL,'::1','Mozilla/5.0 (Windows NT 10.0; Win64; x64) AppleWebKit/537.36 (KHTML, like Gecko) Chrome/147.0.0.0 Safari/537.36','2026-04-25 09:29:32','2026-04-25 09:29:32'),(254,2,2,'users','updated','App\\Models\\User',2,'Kayýt güncellendi','RAMAZAN IRMAK kaydýnda güncellenen alanlar: updated_at','{\"updated_at\":\"2026-04-24T15:27:42.000000Z\"}','{\"updated_at\":\"2026-04-25 15:48:07\"}',NULL,'127.0.0.1','Mozilla/5.0 (Windows NT 10.0; Win64; x64) AppleWebKit/537.36 (KHTML, like Gecko) Chrome/147.0.0.0 Safari/537.36','2026-04-25 12:48:07','2026-04-25 12:48:07'),(255,NULL,1,'users','created','App\\Models\\User',54,'Yeni kayýt oluţturuldu','SABRÝ DOĐRU kaydý sisteme eklendi.',NULL,NULL,NULL,'127.0.0.1','Mozilla/5.0 (Windows NT 10.0; Win64; x64) AppleWebKit/537.36 (KHTML, like Gecko) Chrome/147.0.0.0 Safari/537.36','2026-04-25 12:57:28','2026-04-25 12:57:28'),(256,NULL,1,'users','updated','App\\Models\\User',1,'Kayýt güncellendi','Sabri Dođru kaydýnda güncellenen alanlar: ','[]','[]',NULL,'127.0.0.1','Mozilla/5.0 (Windows NT 10.0; Win64; x64) AppleWebKit/537.36 (KHTML, like Gecko) Chrome/147.0.0.0 Safari/537.36','2026-04-25 12:57:32','2026-04-25 12:57:32'),(257,NULL,1,'users','created','App\\Models\\User',55,'Yeni kayýt oluţturuldu','Ceyda DOĐRU kaydý sisteme eklendi.',NULL,NULL,NULL,'127.0.0.1','Mozilla/5.0 (Windows NT 10.0; Win64; x64) AppleWebKit/537.36 (KHTML, like Gecko) Chrome/147.0.0.0 Safari/537.36','2026-04-25 13:14:21','2026-04-25 13:14:21'),(258,NULL,1,'users','updated','App\\Models\\User',1,'Kayýt güncellendi','Sabri Dođru kaydýnda güncellenen alanlar: ','[]','[]',NULL,'127.0.0.1','Mozilla/5.0 (Windows NT 10.0; Win64; x64) AppleWebKit/537.36 (KHTML, like Gecko) Chrome/147.0.0.0 Safari/537.36','2026-04-25 13:14:27','2026-04-25 13:14:27'),(259,1,47,'users','created','App\\Models\\User',56,'Yeni kayýt oluţturuldu','Test Observer kaydý sisteme eklendi.',NULL,NULL,NULL,'127.0.0.1','Symfony','2026-04-25 13:22:19','2026-04-25 13:22:19'),(260,NULL,1,'users','updated','App\\Models\\User',2,'Kayýt güncellendi','RAMAZAN IRMAK kaydýnda güncellenen alanlar: updated_at','{\"updated_at\":\"2026-04-25T12:48:07.000000Z\"}','{\"updated_at\":\"2026-04-25 16:45:37\"}',NULL,'127.0.0.1','Mozilla/5.0 (Windows NT 10.0; Win64; x64) AppleWebKit/537.36 (KHTML, like Gecko) Chrome/147.0.0.0 Safari/537.36','2026-04-25 13:45:37','2026-04-25 13:45:37'),(261,NULL,1,'users','updated','App\\Models\\User',1,'Kayýt güncellendi','Sabri Dođru kaydýnda güncellenen alanlar: ','[]','[]',NULL,'127.0.0.1','Mozilla/5.0 (Windows NT 10.0; Win64; x64) AppleWebKit/537.36 (KHTML, like Gecko) Chrome/147.0.0.0 Safari/537.36','2026-04-25 13:45:43','2026-04-25 13:45:43'),(262,2,2,'users','updated','App\\Models\\User',2,'Kayýt güncellendi','RAMAZAN IRMAK kaydýnda güncellenen alanlar: ','[]','[]',NULL,'127.0.0.1','Mozilla/5.0 (Windows NT 10.0; Win64; x64) AppleWebKit/537.36 (KHTML, like Gecko) Chrome/147.0.0.0 Safari/537.36','2026-04-25 15:41:48','2026-04-25 15:41:48'),(263,NULL,1,'users','updated','App\\Models\\User',6,'Kayýt güncellendi','hakký gündüz kaydýnda güncellenen alanlar: updated_at','{\"updated_at\":\"2026-04-23T14:32:49.000000Z\"}','{\"updated_at\":\"2026-04-25 18:53:49\"}',NULL,'127.0.0.1','Mozilla/5.0 (Windows NT 10.0; Win64; x64) AppleWebKit/537.36 (KHTML, like Gecko) Chrome/147.0.0.0 Safari/537.36','2026-04-25 15:53:49','2026-04-25 15:53:49'),(264,NULL,1,'users','updated','App\\Models\\User',1,'Kayýt güncellendi','Sabri Dođru kaydýnda güncellenen alanlar: ','[]','[]',NULL,'127.0.0.1','Mozilla/5.0 (Windows NT 10.0; Win64; x64) AppleWebKit/537.36 (KHTML, like Gecko) Chrome/147.0.0.0 Safari/537.36','2026-04-25 16:05:57','2026-04-25 16:05:57'),(265,NULL,1,'fuels','created','App\\Models\\Fuel',8,'Yeni kayýt oluţturuldu','8 kaydý sisteme eklendi.',NULL,NULL,NULL,'127.0.0.1','Mozilla/5.0 (Windows NT 10.0; Win64; x64) AppleWebKit/537.36 (KHTML, like Gecko) Chrome/147.0.0.0 Safari/537.36','2026-04-25 16:08:35','2026-04-25 16:08:35'),(266,NULL,1,'vehicles','updated','App\\Models\\Fleet\\Vehicle',7,'Kayýt güncellendi','42 C 0149 kaydýnda güncellenen alanlar: model_year, updated_at','{\"model_year\":2005,\"updated_at\":\"2026-04-24T19:20:06.000000Z\"}','{\"model_year\":\"2013\",\"updated_at\":\"2026-04-25 19:13:00\"}',NULL,'127.0.0.1','Mozilla/5.0 (Windows NT 10.0; Win64; x64) AppleWebKit/537.36 (KHTML, like Gecko) Chrome/147.0.0.0 Safari/537.36','2026-04-25 16:13:00','2026-04-25 16:13:00'),(267,NULL,1,'vehicles','updated','App\\Models\\Fleet\\Vehicle',7,'Araç Güncellendi','42 C 0149 plakalý araç bilgileri güncellendi.','{\"id\":7,\"plate\":\"42 C 0149\",\"brand\":\"TEMSA\",\"model\":\"PREST\\u0130J\",\"vehicle_type\":\"Midib\\u00fcs\",\"vehicle_package\":\"Yolcu Nakli\",\"model_year\":2005,\"registration_date\":\"2026-04-22T21:00:00.000000Z\",\"seat_count\":30,\"current_km\":0,\"status\":\"active\",\"gear_type\":null,\"fuel_type\":\"Dizel\",\"color\":\"Beyaz\",\"other_color\":null,\"engine_no\":\"4D34K32129\",\"chassis_no\":\"NLTBG659T01057498\",\"license_serial_no\":\"DJ579565\",\"license_owner\":\"MEHMET \\u00c7ELEB\\u0130 TUR\\u0130ZM T\\u0130C.LTD.\\u015eT\\u0130.\",\"owner_tax_or_tc_no\":\"6140084376\",\"inspection_date\":\"2026-04-26T21:00:00.000000Z\",\"exhaust_date\":\"2026-07-21T21:00:00.000000Z\",\"insurance_end_date\":\"2026-04-28T21:00:00.000000Z\",\"kasko_end_date\":\"2026-04-26T21:00:00.000000Z\",\"is_active\":true,\"notes\":null,\"public_image_upload_token\":\"SSspkNc1gAjHovKtXJnoKeDZxwX3WFsbM21vNwJp\",\"created_at\":\"2026-04-23T11:24:53.000000Z\",\"updated_at\":\"2026-04-24T19:20:06.000000Z\",\"company_id\":2}','{\"plate\":\"42 C 0149\",\"brand\":\"TEMSA\",\"model\":\"PREST\\u0130J\",\"vehicle_type\":\"Midib\\u00fcs\",\"vehicle_package\":\"Yolcu Nakli\",\"model_year\":\"2013\",\"registration_date\":\"2026-04-23\",\"seat_count\":\"30\",\"gear_type\":null,\"fuel_type\":\"Dizel\",\"color\":\"Beyaz\",\"other_color\":null,\"engine_no\":\"4D34K32129\",\"chassis_no\":\"NLTBG659T01057498\",\"license_serial_no\":\"DJ579565\",\"license_owner\":\"MEHMET \\u00c7ELEB\\u0130 TUR\\u0130ZM T\\u0130C.LTD.\\u015eT\\u0130.\",\"owner_tax_or_tc_no\":\"6140084376\",\"inspection_date\":\"2026-04-27\",\"exhaust_date\":\"2026-07-22\",\"insurance_end_date\":\"2026-04-29\",\"kasko_end_date\":\"2026-04-27\",\"notes\":null,\"is_active\":true}',NULL,'127.0.0.1','Mozilla/5.0 (Windows NT 10.0; Win64; x64) AppleWebKit/537.36 (KHTML, like Gecko) Chrome/147.0.0.0 Safari/537.36','2026-04-25 16:13:00','2026-04-25 16:13:00'),(268,NULL,1,'vehicles','updated','App\\Models\\Fleet\\Vehicle',7,'Kayýt güncellendi','42 C 0149 kaydýnda güncellenen alanlar: model_year, updated_at','{\"model_year\":2013,\"updated_at\":\"2026-04-25T16:13:00.000000Z\"}','{\"model_year\":\"2016\",\"updated_at\":\"2026-04-25 19:13:42\"}',NULL,'127.0.0.1','Mozilla/5.0 (Windows NT 10.0; Win64; x64) AppleWebKit/537.36 (KHTML, like Gecko) Chrome/147.0.0.0 Safari/537.36','2026-04-25 16:13:42','2026-04-25 16:13:42'),(269,NULL,1,'vehicles','updated','App\\Models\\Fleet\\Vehicle',7,'Araç Güncellendi','42 C 0149 plakalý araç bilgileri güncellendi.','{\"id\":7,\"plate\":\"42 C 0149\",\"brand\":\"TEMSA\",\"model\":\"PREST\\u0130J\",\"vehicle_type\":\"Midib\\u00fcs\",\"vehicle_package\":\"Yolcu Nakli\",\"model_year\":2013,\"registration_date\":\"2026-04-22T21:00:00.000000Z\",\"seat_count\":30,\"current_km\":0,\"status\":\"active\",\"gear_type\":null,\"fuel_type\":\"Dizel\",\"color\":\"Beyaz\",\"other_color\":null,\"engine_no\":\"4D34K32129\",\"chassis_no\":\"NLTBG659T01057498\",\"license_serial_no\":\"DJ579565\",\"license_owner\":\"MEHMET \\u00c7ELEB\\u0130 TUR\\u0130ZM T\\u0130C.LTD.\\u015eT\\u0130.\",\"owner_tax_or_tc_no\":\"6140084376\",\"inspection_date\":\"2026-04-26T21:00:00.000000Z\",\"exhaust_date\":\"2026-07-21T21:00:00.000000Z\",\"insurance_end_date\":\"2026-04-28T21:00:00.000000Z\",\"kasko_end_date\":\"2026-04-26T21:00:00.000000Z\",\"is_active\":true,\"notes\":null,\"public_image_upload_token\":\"SSspkNc1gAjHovKtXJnoKeDZxwX3WFsbM21vNwJp\",\"created_at\":\"2026-04-23T11:24:53.000000Z\",\"updated_at\":\"2026-04-25T16:13:00.000000Z\",\"company_id\":2}','{\"plate\":\"42 C 0149\",\"brand\":\"TEMSA\",\"model\":\"PREST\\u0130J\",\"vehicle_type\":\"Midib\\u00fcs\",\"vehicle_package\":\"Yolcu Nakli\",\"model_year\":\"2016\",\"registration_date\":\"2026-04-23\",\"seat_count\":\"30\",\"gear_type\":null,\"fuel_type\":\"Dizel\",\"color\":\"Beyaz\",\"other_color\":null,\"engine_no\":\"4D34K32129\",\"chassis_no\":\"NLTBG659T01057498\",\"license_serial_no\":\"DJ579565\",\"license_owner\":\"MEHMET \\u00c7ELEB\\u0130 TUR\\u0130ZM T\\u0130C.LTD.\\u015eT\\u0130.\",\"owner_tax_or_tc_no\":\"6140084376\",\"inspection_date\":\"2026-04-27\",\"exhaust_date\":\"2026-07-22\",\"insurance_end_date\":\"2026-04-29\",\"kasko_end_date\":\"2026-04-27\",\"notes\":null,\"is_active\":true}',NULL,'127.0.0.1','Mozilla/5.0 (Windows NT 10.0; Win64; x64) AppleWebKit/537.36 (KHTML, like Gecko) Chrome/147.0.0.0 Safari/537.36','2026-04-25 16:13:42','2026-04-25 16:13:42'),(270,NULL,1,'vehicles','updated','App\\Models\\Fleet\\Vehicle',7,'Kayýt güncellendi','42 C 0149 kaydýnda güncellenen alanlar: model_year, updated_at','{\"model_year\":2016,\"updated_at\":\"2026-04-25T16:13:42.000000Z\"}','{\"model_year\":\"2019\",\"updated_at\":\"2026-04-25 19:14:05\"}',NULL,'127.0.0.1','Mozilla/5.0 (Windows NT 10.0; Win64; x64) AppleWebKit/537.36 (KHTML, like Gecko) Chrome/147.0.0.0 Safari/537.36','2026-04-25 16:14:05','2026-04-25 16:14:05'),(271,NULL,1,'vehicles','updated','App\\Models\\Fleet\\Vehicle',7,'Araç Güncellendi','42 C 0149 plakalý araç bilgileri güncellendi.','{\"id\":7,\"plate\":\"42 C 0149\",\"brand\":\"TEMSA\",\"model\":\"PREST\\u0130J\",\"vehicle_type\":\"Midib\\u00fcs\",\"vehicle_package\":\"Yolcu Nakli\",\"model_year\":2016,\"registration_date\":\"2026-04-22T21:00:00.000000Z\",\"seat_count\":30,\"current_km\":0,\"status\":\"active\",\"gear_type\":null,\"fuel_type\":\"Dizel\",\"color\":\"Beyaz\",\"other_color\":null,\"engine_no\":\"4D34K32129\",\"chassis_no\":\"NLTBG659T01057498\",\"license_serial_no\":\"DJ579565\",\"license_owner\":\"MEHMET \\u00c7ELEB\\u0130 TUR\\u0130ZM T\\u0130C.LTD.\\u015eT\\u0130.\",\"owner_tax_or_tc_no\":\"6140084376\",\"inspection_date\":\"2026-04-26T21:00:00.000000Z\",\"exhaust_date\":\"2026-07-21T21:00:00.000000Z\",\"insurance_end_date\":\"2026-04-28T21:00:00.000000Z\",\"kasko_end_date\":\"2026-04-26T21:00:00.000000Z\",\"is_active\":true,\"notes\":null,\"public_image_upload_token\":\"SSspkNc1gAjHovKtXJnoKeDZxwX3WFsbM21vNwJp\",\"created_at\":\"2026-04-23T11:24:53.000000Z\",\"updated_at\":\"2026-04-25T16:13:42.000000Z\",\"company_id\":2}','{\"plate\":\"42 C 0149\",\"brand\":\"TEMSA\",\"model\":\"PREST\\u0130J\",\"vehicle_type\":\"Midib\\u00fcs\",\"vehicle_package\":\"Yolcu Nakli\",\"model_year\":\"2019\",\"registration_date\":\"2026-04-23\",\"seat_count\":\"30\",\"gear_type\":null,\"fuel_type\":\"Dizel\",\"color\":\"Beyaz\",\"other_color\":null,\"engine_no\":\"4D34K32129\",\"chassis_no\":\"NLTBG659T01057498\",\"license_serial_no\":\"DJ579565\",\"license_owner\":\"MEHMET \\u00c7ELEB\\u0130 TUR\\u0130ZM T\\u0130C.LTD.\\u015eT\\u0130.\",\"owner_tax_or_tc_no\":\"6140084376\",\"inspection_date\":\"2026-04-27\",\"exhaust_date\":\"2026-07-22\",\"insurance_end_date\":\"2026-04-29\",\"kasko_end_date\":\"2026-04-27\",\"notes\":null,\"is_active\":true}',NULL,'127.0.0.1','Mozilla/5.0 (Windows NT 10.0; Win64; x64) AppleWebKit/537.36 (KHTML, like Gecko) Chrome/147.0.0.0 Safari/537.36','2026-04-25 16:14:05','2026-04-25 16:14:05'),(272,NULL,1,'fuels','created','App\\Models\\Fuel',9,'Yeni kayýt oluţturuldu','9 kaydý sisteme eklendi.',NULL,NULL,NULL,'127.0.0.1','Mozilla/5.0 (Windows NT 10.0; Win64; x64) AppleWebKit/537.36 (KHTML, like Gecko) Chrome/147.0.0.0 Safari/537.36','2026-04-25 16:25:35','2026-04-25 16:25:35'),(273,NULL,1,'vehicles','updated','App\\Models\\Fleet\\Vehicle',7,'Kayýt güncellendi','42 C 0149 kaydýnda güncellenen alanlar: fuel_type, updated_at','{\"fuel_type\":\"Dizel\",\"updated_at\":\"2026-04-25T16:14:05.000000Z\"}','{\"fuel_type\":\"Benzin\",\"updated_at\":\"2026-04-25 19:30:09\"}',NULL,'127.0.0.1','Mozilla/5.0 (Windows NT 10.0; Win64; x64) AppleWebKit/537.36 (KHTML, like Gecko) Chrome/147.0.0.0 Safari/537.36','2026-04-25 16:30:09','2026-04-25 16:30:09'),(274,NULL,1,'vehicles','updated','App\\Models\\Fleet\\Vehicle',7,'Araç Güncellendi','42 C 0149 plakalý araç bilgileri güncellendi.','{\"id\":7,\"plate\":\"42 C 0149\",\"brand\":\"TEMSA\",\"model\":\"PREST\\u0130J\",\"vehicle_type\":\"Midib\\u00fcs\",\"vehicle_package\":\"Yolcu Nakli\",\"model_year\":2019,\"registration_date\":\"2026-04-22T21:00:00.000000Z\",\"seat_count\":30,\"current_km\":0,\"status\":\"active\",\"gear_type\":null,\"fuel_type\":\"Dizel\",\"color\":\"Beyaz\",\"other_color\":null,\"engine_no\":\"4D34K32129\",\"chassis_no\":\"NLTBG659T01057498\",\"license_serial_no\":\"DJ579565\",\"license_owner\":\"MEHMET \\u00c7ELEB\\u0130 TUR\\u0130ZM T\\u0130C.LTD.\\u015eT\\u0130.\",\"owner_tax_or_tc_no\":\"6140084376\",\"inspection_date\":\"2026-04-26T21:00:00.000000Z\",\"exhaust_date\":\"2026-07-21T21:00:00.000000Z\",\"insurance_end_date\":\"2026-04-28T21:00:00.000000Z\",\"kasko_end_date\":\"2026-04-26T21:00:00.000000Z\",\"is_active\":true,\"notes\":null,\"public_image_upload_token\":\"SSspkNc1gAjHovKtXJnoKeDZxwX3WFsbM21vNwJp\",\"created_at\":\"2026-04-23T11:24:53.000000Z\",\"updated_at\":\"2026-04-25T16:14:05.000000Z\",\"company_id\":2}','{\"plate\":\"42 C 0149\",\"brand\":\"TEMSA\",\"model\":\"PREST\\u0130J\",\"vehicle_type\":\"Midib\\u00fcs\",\"vehicle_package\":\"Yolcu Nakli\",\"model_year\":\"2019\",\"registration_date\":\"2026-04-23\",\"seat_count\":\"30\",\"gear_type\":null,\"fuel_type\":\"Benzin\",\"color\":\"Beyaz\",\"other_color\":null,\"engine_no\":\"4D34K32129\",\"chassis_no\":\"NLTBG659T01057498\",\"license_serial_no\":\"DJ579565\",\"license_owner\":\"MEHMET \\u00c7ELEB\\u0130 TUR\\u0130ZM T\\u0130C.LTD.\\u015eT\\u0130.\",\"owner_tax_or_tc_no\":\"6140084376\",\"inspection_date\":\"2026-04-27\",\"exhaust_date\":\"2026-07-22\",\"insurance_end_date\":\"2026-04-29\",\"kasko_end_date\":\"2026-04-27\",\"notes\":null,\"is_active\":true}',NULL,'127.0.0.1','Mozilla/5.0 (Windows NT 10.0; Win64; x64) AppleWebKit/537.36 (KHTML, like Gecko) Chrome/147.0.0.0 Safari/537.36','2026-04-25 16:30:09','2026-04-25 16:30:09'),(275,NULL,1,'vehicles','updated','App\\Models\\Fleet\\Vehicle',7,'Kayýt güncellendi','42 C 0149 kaydýnda güncellenen alanlar: fuel_type, updated_at','{\"fuel_type\":\"Benzin\",\"updated_at\":\"2026-04-25T16:30:09.000000Z\"}','{\"fuel_type\":\"Benzin + LPG\",\"updated_at\":\"2026-04-25 19:30:34\"}',NULL,'127.0.0.1','Mozilla/5.0 (Windows NT 10.0; Win64; x64) AppleWebKit/537.36 (KHTML, like Gecko) Chrome/147.0.0.0 Safari/537.36','2026-04-25 16:30:34','2026-04-25 16:30:34'),(276,NULL,1,'vehicles','updated','App\\Models\\Fleet\\Vehicle',7,'Araç Güncellendi','42 C 0149 plakalý araç bilgileri güncellendi.','{\"id\":7,\"plate\":\"42 C 0149\",\"brand\":\"TEMSA\",\"model\":\"PREST\\u0130J\",\"vehicle_type\":\"Midib\\u00fcs\",\"vehicle_package\":\"Yolcu Nakli\",\"model_year\":2019,\"registration_date\":\"2026-04-22T21:00:00.000000Z\",\"seat_count\":30,\"current_km\":0,\"status\":\"active\",\"gear_type\":null,\"fuel_type\":\"Benzin\",\"color\":\"Beyaz\",\"other_color\":null,\"engine_no\":\"4D34K32129\",\"chassis_no\":\"NLTBG659T01057498\",\"license_serial_no\":\"DJ579565\",\"license_owner\":\"MEHMET \\u00c7ELEB\\u0130 TUR\\u0130ZM T\\u0130C.LTD.\\u015eT\\u0130.\",\"owner_tax_or_tc_no\":\"6140084376\",\"inspection_date\":\"2026-04-26T21:00:00.000000Z\",\"exhaust_date\":\"2026-07-21T21:00:00.000000Z\",\"insurance_end_date\":\"2026-04-28T21:00:00.000000Z\",\"kasko_end_date\":\"2026-04-26T21:00:00.000000Z\",\"is_active\":true,\"notes\":null,\"public_image_upload_token\":\"SSspkNc1gAjHovKtXJnoKeDZxwX3WFsbM21vNwJp\",\"created_at\":\"2026-04-23T11:24:53.000000Z\",\"updated_at\":\"2026-04-25T16:30:09.000000Z\",\"company_id\":2}','{\"plate\":\"42 C 0149\",\"brand\":\"TEMSA\",\"model\":\"PREST\\u0130J\",\"vehicle_type\":\"Midib\\u00fcs\",\"vehicle_package\":\"Yolcu Nakli\",\"model_year\":\"2019\",\"registration_date\":\"2026-04-23\",\"seat_count\":\"30\",\"gear_type\":null,\"fuel_type\":\"Benzin + LPG\",\"color\":\"Beyaz\",\"other_color\":null,\"engine_no\":\"4D34K32129\",\"chassis_no\":\"NLTBG659T01057498\",\"license_serial_no\":\"DJ579565\",\"license_owner\":\"MEHMET \\u00c7ELEB\\u0130 TUR\\u0130ZM T\\u0130C.LTD.\\u015eT\\u0130.\",\"owner_tax_or_tc_no\":\"6140084376\",\"inspection_date\":\"2026-04-27\",\"exhaust_date\":\"2026-07-22\",\"insurance_end_date\":\"2026-04-29\",\"kasko_end_date\":\"2026-04-27\",\"notes\":null,\"is_active\":true}',NULL,'127.0.0.1','Mozilla/5.0 (Windows NT 10.0; Win64; x64) AppleWebKit/537.36 (KHTML, like Gecko) Chrome/147.0.0.0 Safari/537.36','2026-04-25 16:30:34','2026-04-25 16:30:34'),(277,NULL,1,'fuels','created','App\\Models\\Fuel',10,'Yeni kayýt oluţturuldu','10 kaydý sisteme eklendi.',NULL,NULL,NULL,'127.0.0.1','Mozilla/5.0 (Windows NT 10.0; Win64; x64) AppleWebKit/537.36 (KHTML, like Gecko) Chrome/147.0.0.0 Safari/537.36','2026-04-25 16:39:51','2026-04-25 16:39:51'),(278,NULL,1,'fuels','created','App\\Models\\Fuel',11,'Yeni kayýt oluţturuldu','11 kaydý sisteme eklendi.',NULL,NULL,NULL,'127.0.0.1','Mozilla/5.0 (Windows NT 10.0; Win64; x64) AppleWebKit/537.36 (KHTML, like Gecko) Chrome/147.0.0.0 Safari/537.36','2026-04-25 16:45:51','2026-04-25 16:45:51'),(279,NULL,1,'users','updated','App\\Models\\User',1,'Kayýt güncellendi','Sabri Dođru kaydýnda güncellenen alanlar: ','[]','[]',NULL,'127.0.0.1','Mozilla/5.0 (Windows NT 10.0; Win64; x64) AppleWebKit/537.36 (KHTML, like Gecko) Chrome/147.0.0.0 Safari/537.36','2026-04-25 16:46:16','2026-04-25 16:46:16'),(280,2,2,'fuels','created','App\\Models\\Fuel',12,'Yeni kayýt oluţturuldu','12 kaydý sisteme eklendi.',NULL,NULL,NULL,'127.0.0.1','Mozilla/5.0 (Windows NT 10.0; Win64; x64) AppleWebKit/537.36 (KHTML, like Gecko) Chrome/147.0.0.0 Safari/537.36','2026-04-25 16:47:02','2026-04-25 16:47:02'),(281,2,2,'fuels','updated','App\\Models\\Fuel',11,'Kayýt güncellendi','11 kaydýnda güncellenen alanlar: km, updated_at','{\"km\":153450,\"updated_at\":\"2026-04-25T16:45:51.000000Z\"}','{\"km\":\"153490\",\"updated_at\":\"2026-04-25 19:47:35\"}',NULL,'127.0.0.1','Mozilla/5.0 (Windows NT 10.0; Win64; x64) AppleWebKit/537.36 (KHTML, like Gecko) Chrome/147.0.0.0 Safari/537.36','2026-04-25 16:47:35','2026-04-25 16:47:35'),(282,2,2,'vehicles','updated','App\\Models\\Fleet\\Vehicle',7,'Kayýt güncellendi','42 C 0149 kaydýnda güncellenen alanlar: fuel_type, updated_at','{\"fuel_type\":\"Benzin + LPG\",\"updated_at\":\"2026-04-25T16:30:34.000000Z\"}','{\"fuel_type\":\"Dizel\",\"updated_at\":\"2026-04-25 19:48:40\"}',NULL,'127.0.0.1','Mozilla/5.0 (Windows NT 10.0; Win64; x64) AppleWebKit/537.36 (KHTML, like Gecko) Chrome/147.0.0.0 Safari/537.36','2026-04-25 16:48:40','2026-04-25 16:48:40'),(283,2,2,'vehicles','updated','App\\Models\\Fleet\\Vehicle',7,'Araç Güncellendi','42 C 0149 plakalý araç bilgileri güncellendi.','{\"id\":7,\"plate\":\"42 C 0149\",\"brand\":\"TEMSA\",\"model\":\"PREST\\u0130J\",\"vehicle_type\":\"Midib\\u00fcs\",\"vehicle_package\":\"Yolcu Nakli\",\"model_year\":2019,\"registration_date\":\"2026-04-22T21:00:00.000000Z\",\"seat_count\":30,\"current_km\":0,\"status\":\"active\",\"gear_type\":null,\"fuel_type\":\"Benzin + LPG\",\"color\":\"Beyaz\",\"other_color\":null,\"engine_no\":\"4D34K32129\",\"chassis_no\":\"NLTBG659T01057498\",\"license_serial_no\":\"DJ579565\",\"license_owner\":\"MEHMET \\u00c7ELEB\\u0130 TUR\\u0130ZM T\\u0130C.LTD.\\u015eT\\u0130.\",\"owner_tax_or_tc_no\":\"6140084376\",\"inspection_date\":\"2026-04-26T21:00:00.000000Z\",\"exhaust_date\":\"2026-07-21T21:00:00.000000Z\",\"insurance_end_date\":\"2026-04-28T21:00:00.000000Z\",\"kasko_end_date\":\"2026-04-26T21:00:00.000000Z\",\"is_active\":true,\"notes\":null,\"public_image_upload_token\":\"SSspkNc1gAjHovKtXJnoKeDZxwX3WFsbM21vNwJp\",\"created_at\":\"2026-04-23T11:24:53.000000Z\",\"updated_at\":\"2026-04-25T16:30:34.000000Z\",\"company_id\":2}','{\"plate\":\"42 C 0149\",\"brand\":\"TEMSA\",\"model\":\"PREST\\u0130J\",\"vehicle_type\":\"Midib\\u00fcs\",\"vehicle_package\":\"Yolcu Nakli\",\"model_year\":\"2019\",\"registration_date\":\"2026-04-23\",\"seat_count\":\"30\",\"gear_type\":null,\"fuel_type\":\"Dizel\",\"color\":\"Beyaz\",\"other_color\":null,\"engine_no\":\"4D34K32129\",\"chassis_no\":\"NLTBG659T01057498\",\"license_serial_no\":\"DJ579565\",\"license_owner\":\"MEHMET \\u00c7ELEB\\u0130 TUR\\u0130ZM T\\u0130C.LTD.\\u015eT\\u0130.\",\"owner_tax_or_tc_no\":\"6140084376\",\"inspection_date\":\"2026-04-27\",\"exhaust_date\":\"2026-07-22\",\"insurance_end_date\":\"2026-04-29\",\"kasko_end_date\":\"2026-04-27\",\"notes\":null,\"is_active\":true}',NULL,'127.0.0.1','Mozilla/5.0 (Windows NT 10.0; Win64; x64) AppleWebKit/537.36 (KHTML, like Gecko) Chrome/147.0.0.0 Safari/537.36','2026-04-25 16:48:40','2026-04-25 16:48:40'),(284,2,2,'maintenances','created','App\\Models\\VehicleMaintenance',20,'Yeni kayýt oluţturuldu','20 kaydý sisteme eklendi.',NULL,NULL,NULL,'127.0.0.1','Mozilla/5.0 (Windows NT 10.0; Win64; x64) AppleWebKit/537.36 (KHTML, like Gecko) Chrome/147.0.0.0 Safari/537.36','2026-04-25 16:50:09','2026-04-25 16:50:09'),(285,2,2,'documents','created','App\\Models\\Document',19,'Yeni kayýt oluţturuldu','19 kaydý sisteme eklendi.',NULL,NULL,NULL,'127.0.0.1','Mozilla/5.0 (Windows NT 10.0; Win64; x64) AppleWebKit/537.36 (KHTML, like Gecko) Chrome/147.0.0.0 Safari/537.36','2026-04-25 16:53:43','2026-04-25 16:53:43'),(286,2,2,'vehicles','document_uploaded','App\\Models\\Fleet\\Vehicle',7,'Araç Belgesi Eklendi','42 C 0149 plakalý araca \'ÝMM POLÝÇESÝ\' belgesi eklendi.',NULL,NULL,NULL,'127.0.0.1','Mozilla/5.0 (Windows NT 10.0; Win64; x64) AppleWebKit/537.36 (KHTML, like Gecko) Chrome/147.0.0.0 Safari/537.36','2026-04-25 16:53:43','2026-04-25 16:53:43'),(287,2,2,'users','updated','App\\Models\\User',2,'Kayýt güncellendi','RAMAZAN IRMAK kaydýnda güncellenen alanlar: ','[]','[]',NULL,'127.0.0.1','Mozilla/5.0 (Windows NT 10.0; Win64; x64) AppleWebKit/537.36 (KHTML, like Gecko) Chrome/147.0.0.0 Safari/537.36','2026-04-25 17:10:52','2026-04-25 17:10:52'),(288,NULL,1,'fuels','created','App\\Models\\Fuel',13,'Yeni kayýt oluţturuldu','13 kaydý sisteme eklendi.',NULL,NULL,NULL,'127.0.0.1','Mozilla/5.0 (Windows NT 10.0; Win64; x64) AppleWebKit/537.36 (KHTML, like Gecko) Chrome/147.0.0.0 Safari/537.36','2026-04-25 17:15:24','2026-04-25 17:15:24'),(289,NULL,1,'maintenances','created','App\\Models\\VehicleMaintenance',21,'Yeni kayýt oluţturuldu','21 kaydý sisteme eklendi.',NULL,NULL,NULL,'127.0.0.1','Mozilla/5.0 (Windows NT 10.0; Win64; x64) AppleWebKit/537.36 (KHTML, like Gecko) Chrome/147.0.0.0 Safari/537.36','2026-04-25 17:26:40','2026-04-25 17:26:40'),(290,NULL,1,'maintenances','created','App\\Models\\VehicleMaintenance',22,'Yeni kayýt oluţturuldu','22 kaydý sisteme eklendi.',NULL,NULL,NULL,'127.0.0.1','Mozilla/5.0 (Windows NT 10.0; Win64; x64) AppleWebKit/537.36 (KHTML, like Gecko) Chrome/147.0.0.0 Safari/537.36','2026-04-25 17:27:00','2026-04-25 17:27:00'),(291,2,2,'maintenances','created','App\\Models\\VehicleMaintenance',23,'Yeni kayýt oluţturuldu','23 kaydý sisteme eklendi.',NULL,NULL,NULL,'127.0.0.1','Mozilla/5.0 (Windows NT 10.0; Win64; x64) AppleWebKit/537.36 (KHTML, like Gecko) Chrome/147.0.0.0 Safari/537.36','2026-04-25 17:43:30','2026-04-25 17:43:30'),(292,NULL,1,'users','updated','App\\Models\\User',1,'Kayýt güncellendi','Sabri Dođru kaydýnda güncellenen alanlar: ','[]','[]',NULL,'127.0.0.1','Mozilla/5.0 (Windows NT 10.0; Win64; x64) AppleWebKit/537.36 (KHTML, like Gecko) Chrome/147.0.0.0 Safari/537.36','2026-04-25 17:58:23','2026-04-25 17:58:23'),(293,2,2,'penalties','created','App\\Models\\TrafficPenalty',3,'Yeni kayýt oluţturuldu','3 kaydý sisteme eklendi.',NULL,NULL,NULL,'127.0.0.1','Mozilla/5.0 (Windows NT 10.0; Win64; x64) AppleWebKit/537.36 (KHTML, like Gecko) Chrome/147.0.0.0 Safari/537.36','2026-04-25 18:19:06','2026-04-25 18:19:06'),(294,2,2,'users','updated','App\\Models\\User',55,'Kayýt güncellendi','Ceyda DOĐRU kaydýnda güncellenen alanlar: updated_at, role','{\"updated_at\":\"2026-04-25T13:14:21.000000Z\",\"role\":\"accounting\"}','{\"updated_at\":\"2026-04-25 21:28:29\",\"role\":\"company_admin\"}',NULL,'127.0.0.1','Mozilla/5.0 (Windows NT 10.0; Win64; x64) AppleWebKit/537.36 (KHTML, like Gecko) Chrome/147.0.0.0 Safari/537.36','2026-04-25 18:28:29','2026-04-25 18:28:29'),(295,2,2,'vehicles','updated','App\\Models\\Fleet\\Vehicle',7,'Kayýt güncellendi','42 C 0149 kaydýnda güncellenen alanlar: vehicle_type, updated_at','{\"vehicle_type\":\"Midib\\u00fcs\",\"updated_at\":\"2026-04-25T16:48:40.000000Z\"}','{\"vehicle_type\":\"Kamyonet\",\"updated_at\":\"2026-04-25 21:57:53\"}',NULL,'127.0.0.1','Mozilla/5.0 (Windows NT 10.0; Win64; x64) AppleWebKit/537.36 (KHTML, like Gecko) Chrome/147.0.0.0 Safari/537.36','2026-04-25 18:57:53','2026-04-25 18:57:53'),(296,2,2,'vehicles','updated','App\\Models\\Fleet\\Vehicle',7,'Araç Güncellendi','42 C 0149 plakalý araç bilgileri güncellendi.','{\"id\":7,\"plate\":\"42 C 0149\",\"brand\":\"TEMSA\",\"model\":\"PREST\\u0130J\",\"vehicle_type\":\"Midib\\u00fcs\",\"vehicle_package\":\"Yolcu Nakli\",\"model_year\":2019,\"registration_date\":\"2026-04-22T21:00:00.000000Z\",\"seat_count\":30,\"current_km\":0,\"status\":\"active\",\"gear_type\":null,\"fuel_type\":\"Dizel\",\"color\":\"Beyaz\",\"other_color\":null,\"engine_no\":\"4D34K32129\",\"chassis_no\":\"NLTBG659T01057498\",\"license_serial_no\":\"DJ579565\",\"license_owner\":\"MEHMET \\u00c7ELEB\\u0130 TUR\\u0130ZM T\\u0130C.LTD.\\u015eT\\u0130.\",\"owner_tax_or_tc_no\":\"6140084376\",\"inspection_date\":\"2026-04-26T21:00:00.000000Z\",\"exhaust_date\":\"2026-07-21T21:00:00.000000Z\",\"insurance_end_date\":\"2026-04-28T21:00:00.000000Z\",\"kasko_end_date\":\"2026-04-26T21:00:00.000000Z\",\"is_active\":true,\"notes\":null,\"public_image_upload_token\":\"SSspkNc1gAjHovKtXJnoKeDZxwX3WFsbM21vNwJp\",\"created_at\":\"2026-04-23T11:24:53.000000Z\",\"updated_at\":\"2026-04-25T16:48:40.000000Z\",\"company_id\":2}','{\"plate\":\"42 C 0149\",\"brand\":\"TEMSA\",\"model\":\"PREST\\u0130J\",\"vehicle_type\":\"Kamyonet\",\"vehicle_package\":\"Yolcu Nakli\",\"model_year\":\"2019\",\"registration_date\":\"2026-04-23\",\"seat_count\":\"30\",\"gear_type\":null,\"fuel_type\":\"Dizel\",\"color\":\"Beyaz\",\"other_color\":null,\"engine_no\":\"4D34K32129\",\"chassis_no\":\"NLTBG659T01057498\",\"license_serial_no\":\"DJ579565\",\"license_owner\":\"MEHMET \\u00c7ELEB\\u0130 TUR\\u0130ZM T\\u0130C.LTD.\\u015eT\\u0130.\",\"owner_tax_or_tc_no\":\"6140084376\",\"inspection_date\":\"2026-04-27\",\"exhaust_date\":\"2026-07-22\",\"insurance_end_date\":\"2026-04-29\",\"kasko_end_date\":\"2026-04-27\",\"notes\":null,\"is_active\":true}',NULL,'127.0.0.1','Mozilla/5.0 (Windows NT 10.0; Win64; x64) AppleWebKit/537.36 (KHTML, like Gecko) Chrome/147.0.0.0 Safari/537.36','2026-04-25 18:57:53','2026-04-25 18:57:53'),(297,2,2,'vehicles','updated','App\\Models\\Fleet\\Vehicle',11,'Kayýt güncellendi','42C0228 kaydýnda güncellenen alanlar: vehicle_type, gear_type, updated_at','{\"vehicle_type\":\"Minib\\u00fcs\",\"gear_type\":\"17\",\"updated_at\":\"2026-04-23T11:24:53.000000Z\"}','{\"vehicle_type\":\"Kamyonet\",\"gear_type\":null,\"updated_at\":\"2026-04-25 21:58:08\"}',NULL,'127.0.0.1','Mozilla/5.0 (Windows NT 10.0; Win64; x64) AppleWebKit/537.36 (KHTML, like Gecko) Chrome/147.0.0.0 Safari/537.36','2026-04-25 18:58:08','2026-04-25 18:58:08'),(298,2,2,'vehicles','updated','App\\Models\\Fleet\\Vehicle',11,'Araç Güncellendi','42C0228 plakalý araç bilgileri güncellendi.','{\"id\":11,\"plate\":\"42C0228\",\"brand\":\"RENAULT\",\"model\":\"MASTER\",\"vehicle_type\":\"Minib\\u00fcs\",\"vehicle_package\":\"Yolcu Nakli\",\"model_year\":2015,\"registration_date\":\"2026-04-22T21:00:00.000000Z\",\"seat_count\":17,\"current_km\":0,\"status\":\"active\",\"gear_type\":\"17\",\"fuel_type\":\"Dizel\",\"color\":\"Beyaz\",\"other_color\":null,\"engine_no\":\"M9TD880C038178\",\"chassis_no\":\"VF1VE34UR52901722\",\"license_serial_no\":\"HZ739355\",\"license_owner\":\"MEHMET TA\\u015eIMACILIK T\\u0130C.LTD.\\u015eT\\u0130.\",\"owner_tax_or_tc_no\":\"6130942149\",\"inspection_date\":\"2026-10-29T21:00:00.000000Z\",\"exhaust_date\":\"2026-10-26T21:00:00.000000Z\",\"insurance_end_date\":\"2026-08-18T21:00:00.000000Z\",\"kasko_end_date\":null,\"is_active\":true,\"notes\":null,\"public_image_upload_token\":\"GVRx17x1dpgciEnxQs7GxPLA23wTkcJyDT0oTtNf\",\"created_at\":\"2026-04-23T11:24:53.000000Z\",\"updated_at\":\"2026-04-23T11:24:53.000000Z\",\"company_id\":2}','{\"plate\":\"42C0228\",\"brand\":\"RENAULT\",\"model\":\"MASTER\",\"vehicle_type\":\"Kamyonet\",\"vehicle_package\":\"Yolcu Nakli\",\"model_year\":\"2015\",\"registration_date\":\"2026-04-23\",\"seat_count\":\"17\",\"gear_type\":null,\"fuel_type\":\"Dizel\",\"color\":\"Beyaz\",\"other_color\":null,\"engine_no\":\"M9TD880C038178\",\"chassis_no\":\"VF1VE34UR52901722\",\"license_serial_no\":\"HZ739355\",\"license_owner\":\"MEHMET TA\\u015eIMACILIK T\\u0130C.LTD.\\u015eT\\u0130.\",\"owner_tax_or_tc_no\":\"6130942149\",\"inspection_date\":\"2026-10-30\",\"exhaust_date\":\"2026-10-27\",\"insurance_end_date\":\"2026-08-19\",\"kasko_end_date\":null,\"notes\":null,\"is_active\":true}',NULL,'127.0.0.1','Mozilla/5.0 (Windows NT 10.0; Win64; x64) AppleWebKit/537.36 (KHTML, like Gecko) Chrome/147.0.0.0 Safari/537.36','2026-04-25 18:58:08','2026-04-25 18:58:08'),(299,2,2,'vehicles','updated','App\\Models\\Fleet\\Vehicle',7,'Kayýt güncellendi','42 C 0149 kaydýnda güncellenen alanlar: vehicle_type, updated_at','{\"vehicle_type\":\"Kamyonet\",\"updated_at\":\"2026-04-25T18:57:53.000000Z\"}','{\"vehicle_type\":\"Midib\\u00fcs\",\"updated_at\":\"2026-04-25 22:16:54\"}',NULL,'127.0.0.1','Mozilla/5.0 (Windows NT 10.0; Win64; x64) AppleWebKit/537.36 (KHTML, like Gecko) Chrome/147.0.0.0 Safari/537.36','2026-04-25 19:16:54','2026-04-25 19:16:54'),(300,2,2,'vehicles','updated','App\\Models\\Fleet\\Vehicle',7,'Araç Güncellendi','42 C 0149 plakalý araç bilgileri güncellendi.','{\"id\":7,\"plate\":\"42 C 0149\",\"brand\":\"TEMSA\",\"model\":\"PREST\\u0130J\",\"vehicle_type\":\"Kamyonet\",\"vehicle_package\":\"Yolcu Nakli\",\"model_year\":2019,\"registration_date\":\"2026-04-22T21:00:00.000000Z\",\"seat_count\":30,\"current_km\":0,\"status\":\"active\",\"gear_type\":null,\"fuel_type\":\"Dizel\",\"color\":\"Beyaz\",\"other_color\":null,\"engine_no\":\"4D34K32129\",\"chassis_no\":\"NLTBG659T01057498\",\"license_serial_no\":\"DJ579565\",\"license_owner\":\"MEHMET \\u00c7ELEB\\u0130 TUR\\u0130ZM T\\u0130C.LTD.\\u015eT\\u0130.\",\"owner_tax_or_tc_no\":\"6140084376\",\"inspection_date\":\"2026-04-26T21:00:00.000000Z\",\"exhaust_date\":\"2026-07-21T21:00:00.000000Z\",\"insurance_end_date\":\"2026-04-28T21:00:00.000000Z\",\"kasko_end_date\":\"2026-04-26T21:00:00.000000Z\",\"is_active\":true,\"notes\":null,\"public_image_upload_token\":\"SSspkNc1gAjHovKtXJnoKeDZxwX3WFsbM21vNwJp\",\"created_at\":\"2026-04-23T11:24:53.000000Z\",\"updated_at\":\"2026-04-25T18:57:53.000000Z\",\"company_id\":2}','{\"plate\":\"42 C 0149\",\"brand\":\"TEMSA\",\"model\":\"PREST\\u0130J\",\"vehicle_type\":\"Midib\\u00fcs\",\"vehicle_package\":\"Yolcu Nakli\",\"model_year\":\"2019\",\"registration_date\":\"2026-04-23\",\"seat_count\":\"30\",\"gear_type\":null,\"fuel_type\":\"Dizel\",\"color\":\"Beyaz\",\"other_color\":null,\"engine_no\":\"4D34K32129\",\"chassis_no\":\"NLTBG659T01057498\",\"license_serial_no\":\"DJ579565\",\"license_owner\":\"MEHMET \\u00c7ELEB\\u0130 TUR\\u0130ZM T\\u0130C.LTD.\\u015eT\\u0130.\",\"owner_tax_or_tc_no\":\"6140084376\",\"inspection_date\":\"2026-04-27\",\"exhaust_date\":\"2026-07-22\",\"insurance_end_date\":\"2026-04-29\",\"kasko_end_date\":\"2026-04-27\",\"notes\":null,\"is_active\":true}',NULL,'127.0.0.1','Mozilla/5.0 (Windows NT 10.0; Win64; x64) AppleWebKit/537.36 (KHTML, like Gecko) Chrome/147.0.0.0 Safari/537.36','2026-04-25 19:16:54','2026-04-25 19:16:54');
/*!40000 ALTER TABLE `activity_logs` ENABLE KEYS */;
UNLOCK TABLES;

--
-- Table structure for table `attachments`
--

DROP TABLE IF EXISTS `attachments`;
/*!40101 SET @saved_cs_client     = @@character_set_client */;
/*!40101 SET character_set_client = utf8 */;
CREATE TABLE `attachments` (
  `id` bigint(20) unsigned NOT NULL AUTO_INCREMENT,
  `message_id` bigint(20) unsigned NOT NULL,
  `path` varchar(255) NOT NULL,
  `filename` varchar(255) NOT NULL,
  `mime_type` varchar(255) DEFAULT NULL,
  `created_at` timestamp NULL DEFAULT NULL,
  `updated_at` timestamp NULL DEFAULT NULL,
  PRIMARY KEY (`id`),
  KEY `attachments_message_id_foreign` (`message_id`),
  CONSTRAINT `attachments_message_id_foreign` FOREIGN KEY (`message_id`) REFERENCES `messages` (`id`) ON DELETE CASCADE
) ENGINE=InnoDB DEFAULT CHARSET=utf8mb4 COLLATE=utf8mb4_unicode_ci;
/*!40101 SET character_set_client = @saved_cs_client */;

--
-- Dumping data for table `attachments`
--

LOCK TABLES `attachments` WRITE;
/*!40000 ALTER TABLE `attachments` DISABLE KEYS */;
/*!40000 ALTER TABLE `attachments` ENABLE KEYS */;
UNLOCK TABLES;

--
-- Table structure for table `cache`
--

DROP TABLE IF EXISTS `cache`;
/*!40101 SET @saved_cs_client     = @@character_set_client */;
/*!40101 SET character_set_client = utf8 */;
CREATE TABLE `cache` (
  `key` varchar(255) NOT NULL,
  `value` mediumtext NOT NULL,
  `expiration` int(11) NOT NULL,
  PRIMARY KEY (`key`),
  KEY `cache_expiration_index` (`expiration`)
) ENGINE=InnoDB DEFAULT CHARSET=utf8mb4 COLLATE=utf8mb4_unicode_ci;
/*!40101 SET character_set_client = @saved_cs_client */;

--
-- Dumping data for table `cache`
--

LOCK TABLES `cache` WRITE;
/*!40000 ALTER TABLE `cache` DISABLE KEYS */;
INSERT INTO `cache` VALUES ('servispilot-cache-5c785c036466adea360111aa28563bfd556b5fba','i:1;',1777139968),('servispilot-cache-5c785c036466adea360111aa28563bfd556b5fba:timer','i:1777139968;',1777139968);
/*!40000 ALTER TABLE `cache` ENABLE KEYS */;
UNLOCK TABLES;

--
-- Table structure for table `cache_locks`
--

DROP TABLE IF EXISTS `cache_locks`;
/*!40101 SET @saved_cs_client     = @@character_set_client */;
/*!40101 SET character_set_client = utf8 */;
CREATE TABLE `cache_locks` (
  `key` varchar(255) NOT NULL,
  `owner` varchar(255) NOT NULL,
  `expiration` int(11) NOT NULL,
  PRIMARY KEY (`key`),
  KEY `cache_locks_expiration_index` (`expiration`)
) ENGINE=InnoDB DEFAULT CHARSET=utf8mb4 COLLATE=utf8mb4_unicode_ci;
/*!40101 SET character_set_client = @saved_cs_client */;

--
-- Dumping data for table `cache_locks`
--

LOCK TABLES `cache_locks` WRITE;
/*!40000 ALTER TABLE `cache_locks` DISABLE KEYS */;
/*!40000 ALTER TABLE `cache_locks` ENABLE KEYS */;
UNLOCK TABLES;

--
-- Table structure for table `companies`
--

DROP TABLE IF EXISTS `companies`;
/*!40101 SET @saved_cs_client     = @@character_set_client */;
/*!40101 SET character_set_client = utf8 */;
CREATE TABLE `companies` (
  `id` bigint(20) unsigned NOT NULL AUTO_INCREMENT,
  `name` varchar(255) NOT NULL,
  `slug` varchar(255) DEFAULT NULL,
  `phone` varchar(255) DEFAULT NULL,
  `email` varchar(255) DEFAULT NULL,
  `tax_no` varchar(255) DEFAULT NULL,
  `city` varchar(255) DEFAULT NULL,
  `address` text DEFAULT NULL,
  `is_active` tinyint(1) NOT NULL DEFAULT 1,
  `license_type` varchar(255) NOT NULL DEFAULT 'standard',
  `license_expires_at` datetime DEFAULT NULL,
  `max_vehicles` int(10) unsigned NOT NULL DEFAULT 50,
  `max_users` int(10) unsigned NOT NULL DEFAULT 10,
  `logo_path` varchar(255) DEFAULT NULL,
  `created_at` timestamp NULL DEFAULT NULL,
  `updated_at` timestamp NULL DEFAULT NULL,
  PRIMARY KEY (`id`),
  UNIQUE KEY `companies_slug_unique` (`slug`)
) ENGINE=InnoDB AUTO_INCREMENT=10007 DEFAULT CHARSET=utf8mb4 COLLATE=utf8mb4_unicode_ci;
/*!40101 SET character_set_client = @saved_cs_client */;

--
-- Dumping data for table `companies`
--

LOCK TABLES `companies` WRITE;
/*!40000 ALTER TABLE `companies` DISABLE KEYS */;
INSERT INTO `companies` VALUES (1,'Ana Firma','ana-firma',NULL,NULL,NULL,NULL,NULL,1,'standard',NULL,50,10,NULL,'2026-04-21 04:54:28','2026-04-21 04:54:28'),(2,'MEHMET ÇELEBÝ TURÝZM','irmak-turizm-1776758519','05305283669','AA@gmail.com','6130942149','KONYA',NULL,1,'standard',NULL,50,5,NULL,'2026-04-21 05:01:59','2026-04-25 09:40:03'),(3,'GÜNDÜZ TUR','gunduz-tur-1776954769','5355665565','hakkkigunduz@hotmail.com','123456','konya','jhfuoauoýfgusfýgusprogýusfdogđdţ',1,'premium',NULL,1,10,NULL,'2026-04-23 14:32:49','2026-04-23 14:32:49'),(10002,'Test Company A',NULL,NULL,NULL,NULL,NULL,NULL,1,'standard',NULL,50,10,NULL,'2026-04-25 07:26:55','2026-04-25 07:26:55'),(10003,'Test Company B',NULL,NULL,NULL,NULL,NULL,NULL,1,'standard',NULL,50,10,NULL,'2026-04-25 07:26:55','2026-04-25 07:26:55'),(10004,'Test Company B2',NULL,NULL,NULL,NULL,NULL,NULL,1,'standard',NULL,50,10,NULL,'2026-04-25 08:02:39','2026-04-25 08:02:39');
/*!40000 ALTER TABLE `companies` ENABLE KEYS */;
UNLOCK TABLES;

--
-- Table structure for table `company_modules`
--

DROP TABLE IF EXISTS `company_modules`;
/*!40101 SET @saved_cs_client     = @@character_set_client */;
/*!40101 SET character_set_client = utf8 */;
CREATE TABLE `company_modules` (
  `id` bigint(20) unsigned NOT NULL AUTO_INCREMENT,
  `company_id` bigint(20) unsigned NOT NULL,
  `module_key` varchar(255) NOT NULL,
  `is_active` tinyint(1) NOT NULL DEFAULT 1,
  `expires_at` datetime DEFAULT NULL,
  `created_at` timestamp NULL DEFAULT NULL,
  `updated_at` timestamp NULL DEFAULT NULL,
  PRIMARY KEY (`id`),
  UNIQUE KEY `company_modules_company_id_module_key_unique` (`company_id`,`module_key`),
  CONSTRAINT `company_modules_company_id_foreign` FOREIGN KEY (`company_id`) REFERENCES `companies` (`id`) ON DELETE CASCADE
) ENGINE=InnoDB AUTO_INCREMENT=37 DEFAULT CHARSET=utf8mb4 COLLATE=utf8mb4_unicode_ci;
/*!40101 SET character_set_client = @saved_cs_client */;

--
-- Dumping data for table `company_modules`
--

LOCK TABLES `company_modules` WRITE;
/*!40000 ALTER TABLE `company_modules` DISABLE KEYS */;
INSERT INTO `company_modules` VALUES (1,1,'vehicles',1,NULL,'2026-04-21 04:55:05','2026-04-21 04:55:05'),(2,1,'drivers',1,NULL,'2026-04-21 04:55:05','2026-04-21 04:55:05'),(3,1,'customers',1,NULL,'2026-04-21 04:55:05','2026-04-21 04:55:05'),(4,1,'service_routes',1,NULL,'2026-04-21 04:55:05','2026-04-21 04:55:05'),(5,1,'route_stops',1,NULL,'2026-04-21 04:55:05','2026-04-21 04:55:05'),(6,1,'trips',1,NULL,'2026-04-21 04:55:05','2026-04-21 04:55:05'),(7,1,'payrolls',1,NULL,'2026-04-21 04:55:05','2026-04-21 04:55:05'),(8,1,'documents',1,NULL,'2026-04-21 04:55:05','2026-04-21 04:55:05'),(9,1,'fuels',1,NULL,'2026-04-21 04:55:05','2026-04-21 04:55:05'),(10,1,'maintenances',1,NULL,'2026-04-21 04:55:05','2026-04-21 04:55:05'),(11,1,'traffic_penalties',1,NULL,'2026-04-21 04:55:05','2026-04-21 04:55:05'),(12,1,'reports',1,NULL,'2026-04-21 04:55:05','2026-04-21 04:55:05'),(13,2,'vehicles',1,NULL,'2026-04-21 05:01:59','2026-04-21 05:01:59'),(14,2,'drivers',1,NULL,'2026-04-21 05:01:59','2026-04-21 08:55:31'),(15,2,'customers',1,NULL,'2026-04-21 05:01:59','2026-04-21 05:01:59'),(16,2,'service_routes',1,NULL,'2026-04-21 05:01:59','2026-04-21 05:01:59'),(17,2,'route_stops',1,NULL,'2026-04-21 05:01:59','2026-04-21 05:01:59'),(18,2,'trips',1,NULL,'2026-04-21 05:01:59','2026-04-21 05:01:59'),(19,2,'payrolls',1,NULL,'2026-04-21 05:01:59','2026-04-21 05:01:59'),(20,2,'documents',1,NULL,'2026-04-21 05:01:59','2026-04-21 05:01:59'),(21,2,'fuels',1,NULL,'2026-04-21 05:01:59','2026-04-21 05:01:59'),(22,2,'maintenances',1,NULL,'2026-04-21 05:01:59','2026-04-21 05:01:59'),(23,2,'traffic_penalties',1,NULL,'2026-04-21 05:01:59','2026-04-21 05:01:59'),(24,2,'reports',1,NULL,'2026-04-21 05:01:59','2026-04-21 05:01:59'),(25,3,'vehicles',1,NULL,'2026-04-23 14:32:49','2026-04-23 14:32:49'),(26,3,'drivers',0,NULL,'2026-04-23 14:32:49','2026-04-25 16:05:10'),(27,3,'customers',0,NULL,'2026-04-23 14:32:49','2026-04-25 16:05:10'),(28,3,'service_routes',0,NULL,'2026-04-23 14:32:49','2026-04-25 16:05:10'),(29,3,'route_stops',0,NULL,'2026-04-23 14:32:49','2026-04-25 16:05:10'),(30,3,'trips',0,NULL,'2026-04-23 14:32:49','2026-04-25 16:05:10'),(31,3,'payrolls',0,NULL,'2026-04-23 14:32:49','2026-04-25 16:05:10'),(32,3,'documents',0,NULL,'2026-04-23 14:32:49','2026-04-25 16:05:10'),(33,3,'fuels',0,NULL,'2026-04-23 14:32:49','2026-04-25 16:05:10'),(34,3,'maintenances',0,NULL,'2026-04-23 14:32:49','2026-04-25 16:05:10'),(35,3,'traffic_penalties',0,NULL,'2026-04-23 14:32:49','2026-04-25 16:05:10'),(36,3,'reports',0,NULL,'2026-04-23 14:32:49','2026-04-25 16:05:10');
/*!40000 ALTER TABLE `company_modules` ENABLE KEYS */;
UNLOCK TABLES;

--
-- Table structure for table `conversation_user`
--

DROP TABLE IF EXISTS `conversation_user`;
/*!40101 SET @saved_cs_client     = @@character_set_client */;
/*!40101 SET character_set_client = utf8 */;
CREATE TABLE `conversation_user` (
  `id` bigint(20) unsigned NOT NULL AUTO_INCREMENT,
  `conversation_id` bigint(20) unsigned NOT NULL,
  `user_id` bigint(20) unsigned NOT NULL,
  `last_read_message_id` bigint(20) unsigned DEFAULT NULL,
  `created_at` timestamp NULL DEFAULT NULL,
  `updated_at` timestamp NULL DEFAULT NULL,
  `deleted_at` timestamp NULL DEFAULT NULL,
  PRIMARY KEY (`id`),
  KEY `conversation_user_conversation_id_foreign` (`conversation_id`),
  KEY `conversation_user_user_id_foreign` (`user_id`),
  CONSTRAINT `conversation_user_conversation_id_foreign` FOREIGN KEY (`conversation_id`) REFERENCES `conversations` (`id`) ON DELETE CASCADE,
  CONSTRAINT `conversation_user_user_id_foreign` FOREIGN KEY (`user_id`) REFERENCES `users` (`id`) ON DELETE CASCADE
) ENGINE=InnoDB AUTO_INCREMENT=19 DEFAULT CHARSET=utf8mb4 COLLATE=utf8mb4_unicode_ci;
/*!40101 SET character_set_client = @saved_cs_client */;

--
-- Dumping data for table `conversation_user`
--

LOCK TABLES `conversation_user` WRITE;
/*!40000 ALTER TABLE `conversation_user` DISABLE KEYS */;
INSERT INTO `conversation_user` VALUES (1,1,4,NULL,'2026-04-25 14:34:01','2026-04-25 14:34:01',NULL),(3,2,4,NULL,'2026-04-25 14:34:11','2026-04-25 14:34:11',NULL),(5,3,5,NULL,'2026-04-25 14:42:26','2026-04-25 14:42:26',NULL),(7,4,55,7,'2026-04-25 14:47:39','2026-04-25 15:36:45',NULL),(10,5,3,NULL,'2026-04-25 15:08:49','2026-04-25 15:08:49',NULL),(11,5,4,NULL,'2026-04-25 15:08:49','2026-04-25 15:08:49',NULL),(12,5,5,NULL,'2026-04-25 15:08:49','2026-04-25 15:08:49',NULL),(13,5,40,NULL,'2026-04-25 15:08:49','2026-04-25 15:08:49',NULL),(14,5,55,10,'2026-04-25 15:08:49','2026-04-25 15:22:44',NULL),(15,6,55,16,'2026-04-25 15:29:13','2026-04-25 18:28:56',NULL),(16,6,2,16,'2026-04-25 15:29:13','2026-04-25 17:10:29',NULL),(17,7,2,17,'2026-04-25 16:27:54','2026-04-25 17:14:47',NULL),(18,7,1,17,'2026-04-25 16:27:54','2026-04-25 17:11:10',NULL);
/*!40000 ALTER TABLE `conversation_user` ENABLE KEYS */;
UNLOCK TABLES;

--
-- Table structure for table `conversations`
--

DROP TABLE IF EXISTS `conversations`;
/*!40101 SET @saved_cs_client     = @@character_set_client */;
/*!40101 SET character_set_client = utf8 */;
CREATE TABLE `conversations` (
  `id` bigint(20) unsigned NOT NULL AUTO_INCREMENT,
  `company_id` bigint(20) unsigned DEFAULT NULL,
  `type` enum('direct','group') NOT NULL,
  `name` varchar(255) DEFAULT NULL,
  `created_at` timestamp NULL DEFAULT NULL,
  `updated_at` timestamp NULL DEFAULT NULL,
  PRIMARY KEY (`id`),
  KEY `conversations_company_id_foreign` (`company_id`),
  CONSTRAINT `conversations_company_id_foreign` FOREIGN KEY (`company_id`) REFERENCES `companies` (`id`) ON DELETE CASCADE
) ENGINE=InnoDB AUTO_INCREMENT=8 DEFAULT CHARSET=utf8mb4 COLLATE=utf8mb4_unicode_ci;
/*!40101 SET character_set_client = @saved_cs_client */;

--
-- Dumping data for table `conversations`
--

LOCK TABLES `conversations` WRITE;
/*!40000 ALTER TABLE `conversations` DISABLE KEYS */;
INSERT INTO `conversations` VALUES (1,2,'direct',NULL,'2026-04-25 14:34:01','2026-04-25 14:34:01'),(2,2,'group','a','2026-04-25 14:34:11','2026-04-25 14:34:11'),(3,2,'direct',NULL,'2026-04-25 14:42:26','2026-04-25 14:42:26'),(4,2,'direct',NULL,'2026-04-25 14:47:39','2026-04-25 14:47:39'),(5,2,'group','ţirket','2026-04-25 15:08:49','2026-04-25 15:08:49'),(6,2,'direct',NULL,'2026-04-25 15:29:13','2026-04-25 15:29:13'),(7,2,'direct',NULL,'2026-04-25 16:27:54','2026-04-25 16:27:54');
/*!40000 ALTER TABLE `conversations` ENABLE KEYS */;
UNLOCK TABLES;

--
-- Table structure for table `customer_contracts`
--

DROP TABLE IF EXISTS `customer_contracts`;
/*!40101 SET @saved_cs_client     = @@character_set_client */;
/*!40101 SET character_set_client = utf8 */;
CREATE TABLE `customer_contracts` (
  `id` bigint(20) unsigned NOT NULL AUTO_INCREMENT,
  `company_id` bigint(20) unsigned DEFAULT NULL,
  `customer_id` bigint(20) unsigned NOT NULL,
  `year` year(4) NOT NULL,
  `start_date` date NOT NULL,
  `end_date` date NOT NULL,
  `file_path` varchar(255) NOT NULL,
  `original_name` varchar(255) DEFAULT NULL,
  `created_at` timestamp NULL DEFAULT NULL,
  `updated_at` timestamp NULL DEFAULT NULL,
  PRIMARY KEY (`id`),
  KEY `customer_contracts_customer_id_year_index` (`customer_id`,`year`),
  KEY `customer_contracts_company_id_foreign` (`company_id`),
  CONSTRAINT `customer_contracts_company_id_foreign` FOREIGN KEY (`company_id`) REFERENCES `companies` (`id`) ON DELETE SET NULL,
  CONSTRAINT `customer_contracts_customer_id_foreign` FOREIGN KEY (`customer_id`) REFERENCES `customers` (`id`) ON DELETE CASCADE
) ENGINE=InnoDB DEFAULT CHARSET=utf8mb4 COLLATE=utf8mb4_unicode_ci;
/*!40101 SET character_set_client = @saved_cs_client */;

--
-- Dumping data for table `customer_contracts`
--

LOCK TABLES `customer_contracts` WRITE;
/*!40000 ALTER TABLE `customer_contracts` DISABLE KEYS */;
/*!40000 ALTER TABLE `customer_contracts` ENABLE KEYS */;
UNLOCK TABLES;

--
-- Table structure for table `customer_service_routes`
--

DROP TABLE IF EXISTS `customer_service_routes`;
/*!40101 SET @saved_cs_client     = @@character_set_client */;
/*!40101 SET character_set_client = utf8 */;
CREATE TABLE `customer_service_routes` (
  `id` bigint(20) unsigned NOT NULL AUTO_INCREMENT,
  `company_id` bigint(20) unsigned DEFAULT NULL,
  `customer_id` bigint(20) unsigned NOT NULL,
  `route_name` varchar(255) NOT NULL,
  `service_type` varchar(30) NOT NULL DEFAULT 'both',
  `vehicle_type` varchar(100) NOT NULL,
  `morning_vehicle_id` bigint(20) unsigned DEFAULT NULL,
  `evening_vehicle_id` bigint(20) unsigned DEFAULT NULL,
  `fee_type` varchar(20) NOT NULL DEFAULT 'free',
  `morning_fee` decimal(12,2) DEFAULT NULL,
  `evening_fee` decimal(12,2) DEFAULT NULL,
  `fallback_morning_fee` decimal(12,2) DEFAULT NULL,
  `fallback_evening_fee` decimal(12,2) DEFAULT NULL,
  `saturday_pricing` tinyint(1) NOT NULL DEFAULT 1,
  `sunday_pricing` tinyint(1) NOT NULL DEFAULT 1,
  `is_active` tinyint(1) NOT NULL DEFAULT 1,
  `created_at` timestamp NULL DEFAULT NULL,
  `updated_at` timestamp NULL DEFAULT NULL,
  PRIMARY KEY (`id`),
  KEY `customer_service_routes_customer_id_is_active_index` (`customer_id`,`is_active`),
  KEY `customer_service_routes_morning_vehicle_id_index` (`morning_vehicle_id`),
  KEY `customer_service_routes_evening_vehicle_id_index` (`evening_vehicle_id`),
  KEY `customer_service_routes_company_id_foreign` (`company_id`),
  CONSTRAINT `customer_service_routes_company_id_foreign` FOREIGN KEY (`company_id`) REFERENCES `companies` (`id`) ON DELETE SET NULL,
  CONSTRAINT `customer_service_routes_customer_id_foreign` FOREIGN KEY (`customer_id`) REFERENCES `customers` (`id`) ON DELETE CASCADE
) ENGINE=InnoDB AUTO_INCREMENT=7 DEFAULT CHARSET=utf8mb4 COLLATE=utf8mb4_unicode_ci;
/*!40101 SET character_set_client = @saved_cs_client */;

--
-- Dumping data for table `customer_service_routes`
--

LOCK TABLES `customer_service_routes` WRITE;
/*!40000 ALTER TABLE `customer_service_routes` DISABLE KEYS */;
INSERT INTO `customer_service_routes` VALUES (1,2,1,'MERAM SERVÝSÝ','both','MÝDÝBÜS (27+1)',7,7,'free',NULL,NULL,500.00,500.00,0,1,1,'2026-04-21 05:24:05','2026-04-24 11:49:50'),(2,2,1,'SELÇUKLU SERVÝSÝ','both','MÝDÝBÜS (27+1)',2,2,'free',NULL,NULL,100.00,100.00,0,0,0,'2026-04-21 09:48:56','2026-04-23 14:15:56'),(3,2,1,'YAKA SERVÝSÝ','both','MÝDÝBÜS (27+1)',1,1,'free',NULL,NULL,100.00,100.00,0,0,0,'2026-04-21 10:57:47','2026-04-23 14:15:54'),(4,2,1,'VARDÝA SERVÝSÝ','evening','MÝNÝBÜS (16+1)',NULL,1,'paid',NULL,250.00,NULL,250.00,1,1,0,'2026-04-22 12:14:06','2026-04-23 14:15:52'),(5,1,3,'Test Route','both','minibus',NULL,NULL,'free',NULL,NULL,NULL,NULL,1,1,1,'2026-04-25 07:44:33','2026-04-25 07:44:33'),(6,1,5,'Test Route Base','both','minibus',NULL,NULL,'free',NULL,NULL,NULL,NULL,1,1,1,'2026-04-25 08:14:52','2026-04-25 08:14:52');
/*!40000 ALTER TABLE `customer_service_routes` ENABLE KEYS */;
UNLOCK TABLES;

--
-- Table structure for table `customers`
--

DROP TABLE IF EXISTS `customers`;
/*!40101 SET @saved_cs_client     = @@character_set_client */;
/*!40101 SET character_set_client = utf8 */;
CREATE TABLE `customers` (
  `id` bigint(20) unsigned NOT NULL AUTO_INCREMENT,
  `company_id` bigint(20) unsigned DEFAULT NULL,
  `customer_type` varchar(255) DEFAULT NULL,
  `company_name` varchar(255) NOT NULL,
  `company_title` varchar(255) DEFAULT NULL,
  `authorized_person` varchar(255) DEFAULT NULL,
  `authorized_phone` varchar(255) DEFAULT NULL,
  `phone` varchar(255) DEFAULT NULL,
  `email` varchar(255) DEFAULT NULL,
  `address` text DEFAULT NULL,
  `contract_start_date` date DEFAULT NULL,
  `contract_end_date` date DEFAULT NULL,
  `monthly_price` decimal(12,2) DEFAULT NULL,
  `vat_rate` decimal(5,2) NOT NULL DEFAULT 20.00,
  `withholding_rate` varchar(255) DEFAULT NULL,
  `is_active` tinyint(1) NOT NULL DEFAULT 1,
  `notes` text DEFAULT NULL,
  `created_at` timestamp NULL DEFAULT NULL,
  `updated_at` timestamp NULL DEFAULT NULL,
  PRIMARY KEY (`id`),
  KEY `customers_company_id_foreign` (`company_id`),
  CONSTRAINT `customers_company_id_foreign` FOREIGN KEY (`company_id`) REFERENCES `companies` (`id`) ON DELETE SET NULL
) ENGINE=InnoDB AUTO_INCREMENT=6 DEFAULT CHARSET=utf8mb4 COLLATE=utf8mb4_unicode_ci;
/*!40101 SET character_set_client = @saved_cs_client */;

--
-- Dumping data for table `customers`
--

LOCK TABLES `customers` WRITE;
/*!40000 ALTER TABLE `customers` DISABLE KEYS */;
INSERT INTO `customers` VALUES (1,2,'Fabrika','ÖZKOÇ DÝNGÝL','ÖZKOÇ DÝNGÝL TÝC.LTD.ŢTÝ.','ALÝ ÖZKOÇ','05305283669',NULL,'ozkocdingil@gmail.com','FEVZÝÇAKMAK MAHALLESÝ 10591.SK 26/A KARATAY KONYA','2026-01-01','2027-12-31',NULL,20.00,'5/10',1,NULL,'2026-04-21 05:21:06','2026-04-21 05:21:06'),(3,1,'corporate','Test Company Name',NULL,NULL,NULL,NULL,NULL,NULL,NULL,NULL,NULL,20.00,NULL,1,NULL,'2026-04-25 07:43:56','2026-04-25 07:43:56'),(4,10004,'company','Test Customer B2','Test Customer B2',NULL,NULL,NULL,'customer_b2@test.com',NULL,NULL,NULL,NULL,20.00,NULL,1,NULL,'2026-04-25 08:03:28','2026-04-25 08:03:28'),(5,1,'company','Test Customer B3','Test Customer B3',NULL,NULL,NULL,'customer_b3@test.com',NULL,NULL,NULL,NULL,20.00,NULL,1,NULL,'2026-04-25 08:14:11','2026-04-25 08:14:11');
/*!40000 ALTER TABLE `customers` ENABLE KEYS */;
UNLOCK TABLES;

--
-- Table structure for table `documents`
--

DROP TABLE IF EXISTS `documents`;
/*!40101 SET @saved_cs_client     = @@character_set_client */;
/*!40101 SET character_set_client = utf8 */;
CREATE TABLE `documents` (
  `id` bigint(20) unsigned NOT NULL AUTO_INCREMENT,
  `documentable_type` varchar(255) NOT NULL,
  `documentable_id` bigint(20) unsigned NOT NULL,
  `document_type` varchar(255) NOT NULL,
  `issuer_name` varchar(255) DEFAULT NULL,
  `document_name` varchar(255) NOT NULL,
  `start_date` date DEFAULT NULL,
  `end_date` date DEFAULT NULL,
  `archived_at` timestamp NULL DEFAULT NULL,
  `file_path` varchar(255) DEFAULT NULL,
  `is_active` tinyint(1) NOT NULL DEFAULT 1,
  `notes` text DEFAULT NULL,
  `created_at` timestamp NULL DEFAULT NULL,
  `updated_at` timestamp NULL DEFAULT NULL,
  `company_id` bigint(20) unsigned DEFAULT NULL,
  PRIMARY KEY (`id`),
  KEY `documents_documentable_type_documentable_id_index` (`documentable_type`,`documentable_id`),
  KEY `documents_company_id_foreign` (`company_id`),
  CONSTRAINT `documents_company_id_foreign` FOREIGN KEY (`company_id`) REFERENCES `companies` (`id`) ON DELETE SET NULL
) ENGINE=InnoDB AUTO_INCREMENT=20 DEFAULT CHARSET=utf8mb4 COLLATE=utf8mb4_unicode_ci;
/*!40101 SET character_set_client = @saved_cs_client */;

--
-- Dumping data for table `documents`
--

LOCK TABLES `documents` WRITE;
/*!40000 ALTER TABLE `documents` DISABLE KEYS */;
INSERT INTO `documents` VALUES (1,'App\\Models\\Fleet\\Driver',8,'Adli Sicil Kaydý',NULL,'Adli Sicil Kaydý','2026-04-22','2026-10-22',NULL,'driver-documents/d91yjwuCil2119FxBulOOpHWA34TnzC1xuq2FuWq.pdf',1,NULL,'2026-04-22 19:32:50','2026-04-22 19:32:50',2),(2,'App\\Models\\Fleet\\Driver',8,'Kimlik ve Ehliyet',NULL,'Kimlik ve Ehliyet','2026-04-22',NULL,NULL,'driver-documents/qvuuRJ8Iteb8xPbnUzzE2u4KbLhIuXMiPiKnS73T.pdf',1,NULL,'2026-04-22 19:37:02','2026-04-22 19:37:02',2),(5,'App\\Models\\Fleet\\Driver',8,'Kimlik ve Ehliyet',NULL,'Profil Fotođrafý (Kýrpýlmýţ)',NULL,NULL,NULL,'driver-documents/cropped_1776887601.jpeg',1,NULL,'2026-04-22 19:53:21','2026-04-22 19:53:21',2),(11,'App\\Models\\Fleet\\Vehicle',4,'Muayene','TÜVTÜRK','MUAYENE RAPORU','2025-04-24','2026-04-23','2026-04-24 09:00:06','vehicle-documents/dcm1quQJVJUuKkjypOriUOrb9wsk2JQEccPf0GVV.pdf',1,NULL,'2026-04-24 08:58:50','2026-04-24 09:00:06',2),(12,'App\\Models\\Fleet\\Vehicle',4,'Sigorta',NULL,'SÝGORTA POLÝÇESÝ','2025-04-23','2026-04-23',NULL,'vehicle-documents/nzUD6c6wj7IT9zKwOfxLyaX4BpYVq7WiDKSVngzp.pdf',1,NULL,'2026-04-24 08:59:45','2026-04-24 08:59:45',2),(13,'App\\Models\\Fleet\\Vehicle',4,'Muayene','TÜVTÜRK','MUAYENE RAPORU','2026-04-24','2026-04-25',NULL,'vehicle-documents/opjvm8Ab0VcXOIO46fLtljps0jPSQtB9ZZxxBM1I.pdf',1,NULL,'2026-04-24 09:00:06','2026-04-24 09:00:06',2),(14,'App\\Models\\Fleet\\Vehicle',7,'Ruhsat',NULL,'RUHSAT BELGESÝ','2026-04-24',NULL,NULL,'vehicle-documents/DS30y7vf4EfzSzTQa8sCRY7FHkwPuCwahu7upC6I.pdf',1,NULL,'2026-04-24 09:40:07','2026-04-24 09:40:07',2),(15,'App\\Models\\Fleet\\Vehicle',7,'Muayene','TÜVTÜRK','MUAYENE RAPORU','2026-04-24','2027-04-24',NULL,'vehicle-documents/NJxCkAawannOiTNdZdH8Iv6wpKzBfWYQJSXtNnuV.pdf',1,NULL,'2026-04-24 09:40:26','2026-04-24 09:40:26',2),(16,'App\\Models\\Fleet\\Vehicle',7,'Egzoz','ÇEV.ŢEH.BAKANLIĐI','EGZOZ MUAYENE RAPORU','2026-04-24','2026-06-24',NULL,'vehicle-documents/Eru8h39jZcWO2GUYwvfBgDfYcTAaYcMh6ufdSVTP.pdf',1,NULL,'2026-04-24 09:40:43','2026-04-24 09:40:43',2),(17,'App\\Models\\Fleet\\Vehicle',7,'Koltuk Sigortasý',NULL,'KOLTUK SÝGORTASI','2025-04-24','2025-04-23',NULL,'vehicle-documents/j7lDrRAsppgZN1eTvEsV71pkTl1L5Oe5WkTHQNWn.pdf',1,NULL,'2026-04-24 10:21:27','2026-04-24 10:21:27',2),(19,'App\\Models\\Fleet\\Vehicle',7,'ÝMM Poliçesi',NULL,'ÝMM POLÝÇESÝ','2025-04-25','2026-04-30',NULL,'vehicle-documents/mp8urSfqp11bDnnoJiGrsXMSrzQz2ZfvZTGdxWX6.pdf',1,NULL,'2026-04-25 16:53:43','2026-04-25 16:53:43',2);
/*!40000 ALTER TABLE `documents` ENABLE KEYS */;
UNLOCK TABLES;

--
-- Table structure for table `drivers`
--

DROP TABLE IF EXISTS `drivers`;
/*!40101 SET @saved_cs_client     = @@character_set_client */;
/*!40101 SET character_set_client = utf8 */;
CREATE TABLE `drivers` (
  `id` bigint(20) unsigned NOT NULL AUTO_INCREMENT,
  `vehicle_id` bigint(20) unsigned DEFAULT NULL,
  `full_name` varchar(255) NOT NULL,
  `tc_no` varchar(20) DEFAULT NULL,
  `phone` varchar(255) DEFAULT NULL,
  `email` varchar(255) DEFAULT NULL,
  `license_class` varchar(255) DEFAULT NULL,
  `src_type` varchar(255) DEFAULT NULL,
  `license_expiry_date` date DEFAULT NULL,
  `src_expiry_date` date DEFAULT NULL,
  `psychotechnic_expiry_date` date DEFAULT NULL,
  `birth_date` date DEFAULT NULL,
  `start_date` date DEFAULT NULL,
  `start_shift` varchar(255) NOT NULL DEFAULT 'morning',
  `leave_date` date DEFAULT NULL,
  `leave_shift` varchar(255) DEFAULT NULL,
  `base_salary` decimal(12,2) DEFAULT NULL,
  `is_active` tinyint(1) NOT NULL DEFAULT 1,
  `address` text DEFAULT NULL,
  `notes` text DEFAULT NULL,
  `created_at` timestamp NULL DEFAULT NULL,
  `updated_at` timestamp NULL DEFAULT NULL,
  `company_id` bigint(20) unsigned DEFAULT NULL,
  PRIMARY KEY (`id`),
  UNIQUE KEY `drivers_tc_no_unique` (`tc_no`),
  KEY `drivers_vehicle_id_foreign` (`vehicle_id`),
  KEY `drivers_company_id_foreign` (`company_id`),
  CONSTRAINT `drivers_company_id_foreign` FOREIGN KEY (`company_id`) REFERENCES `companies` (`id`) ON DELETE SET NULL,
  CONSTRAINT `drivers_vehicle_id_foreign` FOREIGN KEY (`vehicle_id`) REFERENCES `vehicles` (`id`) ON DELETE SET NULL
) ENGINE=InnoDB AUTO_INCREMENT=21 DEFAULT CHARSET=utf8mb4 COLLATE=utf8mb4_unicode_ci;
/*!40101 SET character_set_client = @saved_cs_client */;

--
-- Dumping data for table `drivers`
--

LOCK TABLES `drivers` WRITE;
/*!40000 ALTER TABLE `drivers` DISABLE KEYS */;
INSERT INTO `drivers` VALUES (7,NULL,'SABRÝ DOĐRU','12428673698','5305283669','info@mehmetturizm.com',NULL,NULL,NULL,NULL,NULL,'1999-05-31','2026-04-01','morning','2026-04-15','morning',50000.00,0,NULL,NULL,'2026-04-22 19:04:34','2026-04-22 19:07:38',2),(8,7,'MUZAFFER DEMÝR','12345678911','5305283669','turizm.memet@gmail.com',NULL,NULL,NULL,NULL,NULL,'1999-02-16','2026-04-15','evening','2026-04-23','morning',30000.00,1,NULL,NULL,'2026-04-22 19:05:36','2026-04-24 08:39:08',2),(9,7,'SABRÝ DOĐRU','12428673697','5305283669','info@mehmetturizm.com','D','SRC2',NULL,NULL,NULL,'1999-05-31','2025-04-24','morning','2026-04-24','morning',50000.00,0,NULL,NULL,'2026-04-24 08:17:48','2026-04-24 08:38:27',2),(19,NULL,'Test Driver B2','11111111112','5554443322',NULL,NULL,NULL,NULL,NULL,NULL,NULL,NULL,'morning',NULL,NULL,NULL,1,NULL,NULL,'2026-04-25 08:03:13','2026-04-25 08:03:13',10004),(20,NULL,'Test Driver B3','11111111113','5554443333',NULL,NULL,NULL,NULL,NULL,NULL,NULL,NULL,'morning',NULL,NULL,NULL,1,NULL,NULL,'2026-04-25 08:14:11','2026-04-25 08:14:11',1);
/*!40000 ALTER TABLE `drivers` ENABLE KEYS */;
UNLOCK TABLES;

--
-- Table structure for table `failed_jobs`
--

DROP TABLE IF EXISTS `failed_jobs`;
/*!40101 SET @saved_cs_client     = @@character_set_client */;
/*!40101 SET character_set_client = utf8 */;
CREATE TABLE `failed_jobs` (
  `id` bigint(20) unsigned NOT NULL AUTO_INCREMENT,
  `uuid` varchar(255) NOT NULL,
  `connection` text NOT NULL,
  `queue` text NOT NULL,
  `payload` longtext NOT NULL,
  `exception` longtext NOT NULL,
  `failed_at` timestamp NOT NULL DEFAULT current_timestamp(),
  PRIMARY KEY (`id`),
  UNIQUE KEY `failed_jobs_uuid_unique` (`uuid`)
) ENGINE=InnoDB DEFAULT CHARSET=utf8mb4 COLLATE=utf8mb4_unicode_ci;
/*!40101 SET character_set_client = @saved_cs_client */;

--
-- Dumping data for table `failed_jobs`
--

LOCK TABLES `failed_jobs` WRITE;
/*!40000 ALTER TABLE `failed_jobs` DISABLE KEYS */;
/*!40000 ALTER TABLE `failed_jobs` ENABLE KEYS */;
UNLOCK TABLES;

--
-- Table structure for table `fuel_station_payments`
--

DROP TABLE IF EXISTS `fuel_station_payments`;
/*!40101 SET @saved_cs_client     = @@character_set_client */;
/*!40101 SET character_set_client = utf8 */;
CREATE TABLE `fuel_station_payments` (
  `id` bigint(20) unsigned NOT NULL AUTO_INCREMENT,
  `company_id` bigint(20) unsigned DEFAULT NULL,
  `fuel_station_id` bigint(20) unsigned NOT NULL,
  `payment_date` date NOT NULL,
  `start_date` date DEFAULT NULL,
  `end_date` date DEFAULT NULL,
  `amount` decimal(12,2) NOT NULL,
  `payment_method` varchar(255) NOT NULL DEFAULT 'nakit',
  `notes` text DEFAULT NULL,
  `created_at` timestamp NULL DEFAULT NULL,
  `updated_at` timestamp NULL DEFAULT NULL,
  PRIMARY KEY (`id`),
  KEY `fuel_station_payments_company_id_foreign` (`company_id`),
  KEY `fuel_station_payments_fuel_station_id_foreign` (`fuel_station_id`),
  CONSTRAINT `fuel_station_payments_company_id_foreign` FOREIGN KEY (`company_id`) REFERENCES `companies` (`id`) ON DELETE SET NULL,
  CONSTRAINT `fuel_station_payments_fuel_station_id_foreign` FOREIGN KEY (`fuel_station_id`) REFERENCES `fuel_stations` (`id`) ON DELETE CASCADE
) ENGINE=InnoDB AUTO_INCREMENT=3 DEFAULT CHARSET=utf8mb4 COLLATE=utf8mb4_unicode_ci;
/*!40101 SET character_set_client = @saved_cs_client */;

--
-- Dumping data for table `fuel_station_payments`
--

LOCK TABLES `fuel_station_payments` WRITE;
/*!40000 ALTER TABLE `fuel_station_payments` DISABLE KEYS */;
INSERT INTO `fuel_station_payments` VALUES (1,2,1,'2026-04-23',NULL,NULL,2700.00,'nakit',NULL,'2026-04-23 14:09:57','2026-04-23 14:10:47');
/*!40000 ALTER TABLE `fuel_station_payments` ENABLE KEYS */;
UNLOCK TABLES;

--
-- Table structure for table `fuel_stations`
--

DROP TABLE IF EXISTS `fuel_stations`;
/*!40101 SET @saved_cs_client     = @@character_set_client */;
/*!40101 SET character_set_client = utf8 */;
CREATE TABLE `fuel_stations` (
  `id` bigint(20) unsigned NOT NULL AUTO_INCREMENT,
  `company_id` bigint(20) unsigned DEFAULT NULL,
  `name` varchar(255) NOT NULL,
  `legal_name` varchar(255) DEFAULT NULL,
  `address` text DEFAULT NULL,
  `discount_type` varchar(255) DEFAULT NULL,
  `discount_value` decimal(12,2) NOT NULL DEFAULT 0.00,
  `is_active` tinyint(1) NOT NULL DEFAULT 1,
  `created_at` timestamp NULL DEFAULT NULL,
  `updated_at` timestamp NULL DEFAULT NULL,
  PRIMARY KEY (`id`),
  KEY `fuel_stations_company_id_foreign` (`company_id`),
  CONSTRAINT `fuel_stations_company_id_foreign` FOREIGN KEY (`company_id`) REFERENCES `companies` (`id`) ON DELETE SET NULL
) ENGINE=InnoDB AUTO_INCREMENT=5 DEFAULT CHARSET=utf8mb4 COLLATE=utf8mb4_unicode_ci;
/*!40101 SET character_set_client = @saved_cs_client */;

--
-- Dumping data for table `fuel_stations`
--

LOCK TABLES `fuel_stations` WRITE;
/*!40000 ALTER TABLE `fuel_stations` DISABLE KEYS */;
INSERT INTO `fuel_stations` VALUES (1,2,'LUKOÝL PETROL','LUKOÝL HAVA LOJMANLARI ŢUBESÝ',NULL,'percentage',10.00,1,'2026-04-22 07:30:08','2026-04-22 07:30:08'),(2,2,'TOTAL','TOTAL',NULL,'percentage',5.00,1,'2026-04-23 14:11:56','2026-04-23 14:11:56');
/*!40000 ALTER TABLE `fuel_stations` ENABLE KEYS */;
UNLOCK TABLES;

--
-- Table structure for table `fuels`
--

DROP TABLE IF EXISTS `fuels`;
/*!40101 SET @saved_cs_client     = @@character_set_client */;
/*!40101 SET character_set_client = utf8 */;
CREATE TABLE `fuels` (
  `id` bigint(20) unsigned NOT NULL AUTO_INCREMENT,
  `vehicle_id` bigint(20) unsigned NOT NULL,
  `fuel_station_id` bigint(20) unsigned DEFAULT NULL,
  `station_name` varchar(255) DEFAULT NULL,
  `fuel_type` varchar(255) NOT NULL DEFAULT 'Dizel',
  `date` date NOT NULL,
  `liters` decimal(8,2) NOT NULL,
  `price_per_liter` decimal(8,2) NOT NULL,
  `gross_total_cost` decimal(12,2) NOT NULL DEFAULT 0.00,
  `discount_amount` decimal(12,2) NOT NULL DEFAULT 0.00,
  `total_cost` decimal(10,2) NOT NULL,
  `km` int(11) DEFAULT NULL,
  `notes` text DEFAULT NULL,
  `created_at` timestamp NULL DEFAULT NULL,
  `updated_at` timestamp NULL DEFAULT NULL,
  `company_id` bigint(20) unsigned DEFAULT NULL,
  PRIMARY KEY (`id`),
  KEY `fuels_vehicle_id_foreign` (`vehicle_id`),
  KEY `fuels_company_id_foreign` (`company_id`),
  KEY `fuels_fuel_station_id_foreign` (`fuel_station_id`),
  CONSTRAINT `fuels_company_id_foreign` FOREIGN KEY (`company_id`) REFERENCES `companies` (`id`) ON DELETE SET NULL,
  CONSTRAINT `fuels_fuel_station_id_foreign` FOREIGN KEY (`fuel_station_id`) REFERENCES `fuel_stations` (`id`) ON DELETE SET NULL,
  CONSTRAINT `fuels_vehicle_id_foreign` FOREIGN KEY (`vehicle_id`) REFERENCES `vehicles` (`id`) ON DELETE CASCADE
) ENGINE=InnoDB AUTO_INCREMENT=14 DEFAULT CHARSET=utf8mb4 COLLATE=utf8mb4_unicode_ci;
/*!40101 SET character_set_client = @saved_cs_client */;

--
-- Dumping data for table `fuels`
--

LOCK TABLES `fuels` WRITE;
/*!40000 ALTER TABLE `fuels` DISABLE KEYS */;
INSERT INTO `fuels` VALUES (2,7,2,'TOTAL','Dizel','2026-04-23',50.00,50.00,2500.00,125.00,2375.00,150550,NULL,'2026-04-23 11:31:08','2026-04-24 09:59:13',2),(3,7,1,'LUKOÝL PETROL','Dizel','2026-04-23',60.00,50.00,3000.00,300.00,2700.00,150850,NULL,'2026-04-23 11:31:31','2026-04-23 11:31:31',2),(4,4,1,'LUKOÝL PETROL','Dizel','2026-04-23',50.00,50.00,2500.00,250.00,2250.00,154125,NULL,'2026-04-23 13:17:34','2026-04-23 13:50:12',2),(5,5,2,'TOTAL','Dizel','2026-04-23',150.00,65.00,9750.00,487.50,9262.50,175000,NULL,'2026-04-23 14:12:38','2026-04-24 08:35:20',2),(8,7,2,'TOTAL','Dizel','2026-04-25',60.00,67.00,4020.00,201.00,3819.00,151775,NULL,'2026-04-25 16:08:35','2026-04-25 16:37:49',2),(9,4,1,'LUKOÝL PETROL','Dizel','2026-04-25',50.00,50.00,2500.00,250.00,2250.00,155685,NULL,'2026-04-25 16:25:35','2026-04-25 16:25:35',NULL),(10,7,2,'TOTAL','Dizel','2026-04-25',100.00,88.00,8800.00,440.00,8360.00,152250,NULL,'2026-04-25 16:39:51','2026-04-25 16:43:35',2),(11,7,1,'LUKOÝL PETROL','Dizel','2026-04-25',50.00,50.00,2500.00,250.00,2250.00,153490,NULL,'2026-04-25 16:45:51','2026-04-25 16:47:35',2),(12,8,1,'LUKOÝL PETROL','Dizel','2026-04-25',50.00,50.00,2500.00,250.00,2250.00,188950,NULL,'2026-04-25 16:47:02','2026-04-25 16:47:02',2),(13,7,1,'LUKOÝL PETROL','Dizel','2026-04-25',60.00,60.00,3600.00,360.00,3240.00,155940,NULL,'2026-04-25 17:15:24','2026-04-25 17:15:24',2);
/*!40000 ALTER TABLE `fuels` ENABLE KEYS */;
UNLOCK TABLES;

--
-- Table structure for table `job_batches`
--

DROP TABLE IF EXISTS `job_batches`;
/*!40101 SET @saved_cs_client     = @@character_set_client */;
/*!40101 SET character_set_client = utf8 */;
CREATE TABLE `job_batches` (
  `id` varchar(255) NOT NULL,
  `name` varchar(255) NOT NULL,
  `total_jobs` int(11) NOT NULL,
  `pending_jobs` int(11) NOT NULL,
  `failed_jobs` int(11) NOT NULL,
  `failed_job_ids` longtext NOT NULL,
  `options` mediumtext DEFAULT NULL,
  `cancelled_at` int(11) DEFAULT NULL,
  `created_at` int(11) NOT NULL,
  `finished_at` int(11) DEFAULT NULL,
  PRIMARY KEY (`id`)
) ENGINE=InnoDB DEFAULT CHARSET=utf8mb4 COLLATE=utf8mb4_unicode_ci;
/*!40101 SET character_set_client = @saved_cs_client */;

--
-- Dumping data for table `job_batches`
--

LOCK TABLES `job_batches` WRITE;
/*!40000 ALTER TABLE `job_batches` DISABLE KEYS */;
/*!40000 ALTER TABLE `job_batches` ENABLE KEYS */;
UNLOCK TABLES;

--
-- Table structure for table `jobs`
--

DROP TABLE IF EXISTS `jobs`;
/*!40101 SET @saved_cs_client     = @@character_set_client */;
/*!40101 SET character_set_client = utf8 */;
CREATE TABLE `jobs` (
  `id` bigint(20) unsigned NOT NULL AUTO_INCREMENT,
  `queue` varchar(255) NOT NULL,
  `payload` longtext NOT NULL,
  `attempts` tinyint(3) unsigned NOT NULL,
  `reserved_at` int(10) unsigned DEFAULT NULL,
  `available_at` int(10) unsigned NOT NULL,
  `created_at` int(10) unsigned NOT NULL,
  PRIMARY KEY (`id`),
  KEY `jobs_queue_index` (`queue`)
) ENGINE=InnoDB DEFAULT CHARSET=utf8mb4 COLLATE=utf8mb4_unicode_ci;
/*!40101 SET character_set_client = @saved_cs_client */;

--
-- Dumping data for table `jobs`
--

LOCK TABLES `jobs` WRITE;
/*!40000 ALTER TABLE `jobs` DISABLE KEYS */;
/*!40000 ALTER TABLE `jobs` ENABLE KEYS */;
UNLOCK TABLES;

--
-- Table structure for table `messages`
--

DROP TABLE IF EXISTS `messages`;
/*!40101 SET @saved_cs_client     = @@character_set_client */;
/*!40101 SET character_set_client = utf8 */;
CREATE TABLE `messages` (
  `id` bigint(20) unsigned NOT NULL AUTO_INCREMENT,
  `conversation_id` bigint(20) unsigned NOT NULL,
  `sender_id` bigint(20) unsigned DEFAULT NULL,
  `body` text DEFAULT NULL,
  `type` enum('text','attachment','system') NOT NULL DEFAULT 'text',
  `created_at` timestamp NULL DEFAULT NULL,
  `updated_at` timestamp NULL DEFAULT NULL,
  `deleted_at` timestamp NULL DEFAULT NULL,
  `deleted_for_everyone` tinyint(1) NOT NULL DEFAULT 0,
  PRIMARY KEY (`id`),
  KEY `messages_conversation_id_foreign` (`conversation_id`),
  KEY `messages_sender_id_foreign` (`sender_id`),
  CONSTRAINT `messages_conversation_id_foreign` FOREIGN KEY (`conversation_id`) REFERENCES `conversations` (`id`) ON DELETE CASCADE,
  CONSTRAINT `messages_sender_id_foreign` FOREIGN KEY (`sender_id`) REFERENCES `users` (`id`) ON DELETE SET NULL
) ENGINE=InnoDB AUTO_INCREMENT=18 DEFAULT CHARSET=utf8mb4 COLLATE=utf8mb4_unicode_ci;
/*!40101 SET character_set_client = @saved_cs_client */;

--
-- Dumping data for table `messages`
--

LOCK TABLES `messages` WRITE;
/*!40000 ALTER TABLE `messages` DISABLE KEYS */;
INSERT INTO `messages` VALUES (1,4,2,'selam','text','2026-04-25 14:47:46','2026-04-25 14:47:46',NULL,0),(2,4,55,'merhaba dostum','text','2026-04-25 15:06:49','2026-04-25 15:36:44','2026-04-25 15:36:44',0),(3,4,2,'nasýlsýn','text','2026-04-25 15:07:03','2026-04-25 15:07:03',NULL,0),(4,4,2,'ee','text','2026-04-25 15:07:12','2026-04-25 15:07:12',NULL,0),(5,4,2,'a','text','2026-04-25 15:07:21','2026-04-25 15:07:21',NULL,0),(6,4,2,'a','text','2026-04-25 15:07:23','2026-04-25 15:07:23',NULL,0),(7,4,2,'a','text','2026-04-25 15:07:26','2026-04-25 15:07:26',NULL,0),(8,5,2,'selam','text','2026-04-25 15:08:57','2026-04-25 15:22:43','2026-04-25 15:22:43',0),(9,5,2,'aa','text','2026-04-25 15:09:16','2026-04-25 15:09:16',NULL,0),(10,5,55,'????','text','2026-04-25 15:09:51','2026-04-25 15:09:51',NULL,0),(11,6,2,'selam','text','2026-04-25 15:29:17','2026-04-25 15:29:17',NULL,0),(12,6,2,'merhaba','text','2026-04-25 15:38:34','2026-04-25 15:38:34',NULL,0),(13,6,55,NULL,'text','2026-04-25 15:39:08','2026-04-25 15:39:21',NULL,1),(14,7,1,'merhaba ben admin','text','2026-04-25 16:28:00','2026-04-25 16:28:00',NULL,0),(15,7,2,'merhaba','text','2026-04-25 16:28:24','2026-04-25 16:28:24',NULL,0),(16,6,2,'naber','text','2026-04-25 17:10:26','2026-04-25 17:10:26',NULL,0),(17,7,1,'heeey','text','2026-04-25 17:11:07','2026-04-25 17:11:07',NULL,0);
/*!40000 ALTER TABLE `messages` ENABLE KEYS */;
UNLOCK TABLES;

--
-- Table structure for table `migrations`
--

DROP TABLE IF EXISTS `migrations`;
/*!40101 SET @saved_cs_client     = @@character_set_client */;
/*!40101 SET character_set_client = utf8 */;
CREATE TABLE `migrations` (
  `id` int(10) unsigned NOT NULL AUTO_INCREMENT,
  `migration` varchar(255) NOT NULL,
  `batch` int(11) NOT NULL,
  PRIMARY KEY (`id`)
) ENGINE=InnoDB AUTO_INCREMENT=66 DEFAULT CHARSET=utf8mb4 COLLATE=utf8mb4_unicode_ci;
/*!40101 SET character_set_client = @saved_cs_client */;

--
-- Dumping data for table `migrations`
--

LOCK TABLES `migrations` WRITE;
/*!40000 ALTER TABLE `migrations` DISABLE KEYS */;
INSERT INTO `migrations` VALUES (1,'0001_01_01_000000_create_users_table',1),(2,'0001_01_01_000001_create_cache_table',1),(3,'0001_01_01_000002_create_jobs_table',1),(4,'2026_03_15_100000_create_companies_table',1),(5,'2026_03_16_095018_create_vehicles_table',1),(6,'2026_03_16_112517_create_drivers_table',1),(7,'2026_03_16_113737_create_customers_table',1),(8,'2026_03_16_114710_create_service_routes_table',1),(9,'2026_03_16_115531_create_route_stops_table',1),(10,'2026_03_16_120549_create_trips_table',1),(11,'2026_03_17_064237_create_payrolls_table',1),(12,'2026_03_17_065020_create_documents_table',1),(13,'2026_03_17_071116_create_fuels_table',1),(14,'2026_03_17_080553_create_permissions_table',1),(15,'2026_03_17_100100_add_company_id_to_core_tables',1),(16,'2026_03_17_100200_add_role_to_users_table',1),(17,'2026_03_17_100300_create_user_permissions_table',1),(18,'2026_03_17_100400_add_reports_permission',1),(19,'2026_04_02_235845_add_extra_fields_to_vehicles_table',1),(20,'2026_04_03_000001_create_fuel_stations_table',1),(21,'2026_04_03_000002_create_fuel_station_payments_table',1),(22,'2026_04_03_000003_add_station_fields_to_fuels_table',1),(23,'2026_04_03_000004_add_payment_method_to_fuel_station_payments_table',1),(24,'2026_04_03_061742_create_vehicle_images_table',1),(25,'2026_04_03_101455_add_archive_and_issuer_to_documents_table',1),(26,'2026_04_04_000001_create_activity_logs_table',1),(27,'2026_04_04_000001_create_vehicle_maintenances_table',1),(28,'2026_04_04_000002_create_vehicle_maintenance_settings_table',1),(29,'2026_04_11_120000_create_traffic_penalties_table',1),(30,'2026_04_11_140000_add_public_upload_fields_to_vehicles_and_vehicle_images',1),(31,'2026_04_16_092135_add_new_fields_to_customers_table',1),(32,'2026_04_16_120000_create_customer_contracts_table',1),(33,'2026_04_16_130000_add_customer_portal_fields_to_users_table',1),(34,'2026_04_16_140000_create_customer_service_routes_table',1),(35,'2026_04_16_150000_alter_customer_service_routes_table_add_new_fields',1),(36,'2026_04_17_120000_add_morning_evening_vehicle_ids_to_trips_table',1),(37,'2026_04_21_000001_add_super_admin_and_license_fields',1),(38,'2026_04_21_000002_create_company_modules_table',1),(39,'2026_04_21_000003_add_company_id_to_remaining_tables',1),(40,'2026_04_21_084226_update_trips_foreign_key_to_customer_service_routes',2),(41,'2026_04_22_115443_create_vehicle_tracking_settings_table',3),(42,'2026_04_22_143415_add_fee_rules_to_service_routes',4),(43,'2026_04_22_143531_add_bank_payment_to_payrolls',5),(44,'2026_04_22_143911_rename_fee_columns_in_service_routes',6),(45,'2026_04_22_144827_add_detailed_finance_to_payrolls',7),(46,'2026_04_22_144903_add_employment_status_to_drivers',8),(47,'2026_04_22_174840_add_deduction_notes_to_payrolls_table',9),(48,'2026_04_22_185050_create_payroll_locks_table',10),(49,'2026_04_22_214036_add_start_shift_to_drivers_table',11),(50,'2026_04_22_233709_add_km_and_status_to_vehicles_table',12),(51,'2026_04_23_113517_add_granular_driver_and_log_permissions',13),(52,'2026_04_23_113337_add_granular_vehicle_permissions',14),(53,'2026_04_24_004344_create_chat_groups_table',15),(54,'2026_04_24_004345_create_messages_table',16),(55,'2026_04_24_004347_create_chat_group_user_table',17),(56,'2026_04_24_011151_create_personal_access_tokens_table',18),(57,'2026_04_25_092916_add_company_id_to_payroll_locks_table',19),(58,'2026_04_25_093422_add_company_id_to_vehicle_images_table',20),(59,'2026_04_25_093718_add_permissions_updated_at_to_users_table',21),(60,'2026_04_25_163704_create_conversations_table',22),(61,'2026_04_25_163704_create_messages_table',23),(62,'2026_04_25_163705_create_attachments_table',24),(63,'2026_04_25_163705_create_conversation_user_table',25),(64,'2026_04_25_181200_add_chat_features',26),(65,'2026_04_25_182500_add_deleted_at_to_conversation_user',27);
/*!40000 ALTER TABLE `migrations` ENABLE KEYS */;
UNLOCK TABLES;

--
-- Table structure for table `password_reset_tokens`
--

DROP TABLE IF EXISTS `password_reset_tokens`;
/*!40101 SET @saved_cs_client     = @@character_set_client */;
/*!40101 SET character_set_client = utf8 */;
CREATE TABLE `password_reset_tokens` (
  `email` varchar(255) NOT NULL,
  `token` varchar(255) NOT NULL,
  `created_at` timestamp NULL DEFAULT NULL,
  PRIMARY KEY (`email`)
) ENGINE=InnoDB DEFAULT CHARSET=utf8mb4 COLLATE=utf8mb4_unicode_ci;
/*!40101 SET character_set_client = @saved_cs_client */;

--
-- Dumping data for table `password_reset_tokens`
--

LOCK TABLES `password_reset_tokens` WRITE;
/*!40000 ALTER TABLE `password_reset_tokens` DISABLE KEYS */;
/*!40000 ALTER TABLE `password_reset_tokens` ENABLE KEYS */;
UNLOCK TABLES;

--
-- Table structure for table `payroll_locks`
--

DROP TABLE IF EXISTS `payroll_locks`;
/*!40101 SET @saved_cs_client     = @@character_set_client */;
/*!40101 SET character_set_client = utf8 */;
CREATE TABLE `payroll_locks` (
  `id` bigint(20) unsigned NOT NULL AUTO_INCREMENT,
  `period` varchar(255) NOT NULL,
  `is_locked` tinyint(1) NOT NULL DEFAULT 0,
  `created_at` timestamp NULL DEFAULT NULL,
  `updated_at` timestamp NULL DEFAULT NULL,
  `company_id` bigint(20) unsigned NOT NULL,
  PRIMARY KEY (`id`),
  UNIQUE KEY `payroll_locks_company_period_unique` (`company_id`,`period`),
  CONSTRAINT `payroll_locks_company_id_foreign` FOREIGN KEY (`company_id`) REFERENCES `companies` (`id`) ON DELETE CASCADE
) ENGINE=InnoDB AUTO_INCREMENT=13 DEFAULT CHARSET=utf8mb4 COLLATE=utf8mb4_unicode_ci;
/*!40101 SET character_set_client = @saved_cs_client */;

--
-- Dumping data for table `payroll_locks`
--

LOCK TABLES `payroll_locks` WRITE;
/*!40000 ALTER TABLE `payroll_locks` DISABLE KEYS */;
INSERT INTO `payroll_locks` VALUES (1,'2026-03',1,'2026-04-22 15:57:14','2026-04-22 15:57:14',1),(2,'2026-04',0,'2026-04-22 15:57:20','2026-04-23 14:19:37',1),(3,'2026-05',1,'2026-04-25 06:33:44','2026-04-25 06:33:44',2),(12,'2026-03',1,'2026-04-25 17:58:37','2026-04-25 17:58:37',2);
/*!40000 ALTER TABLE `payroll_locks` ENABLE KEYS */;
UNLOCK TABLES;

--
-- Table structure for table `payrolls`
--

DROP TABLE IF EXISTS `payrolls`;
/*!40101 SET @saved_cs_client     = @@character_set_client */;
/*!40101 SET character_set_client = utf8 */;
CREATE TABLE `payrolls` (
  `id` bigint(20) unsigned NOT NULL AUTO_INCREMENT,
  `driver_id` bigint(20) unsigned NOT NULL,
  `period_month` varchar(7) NOT NULL,
  `base_salary` decimal(12,2) NOT NULL DEFAULT 0.00,
  `extra_payment` decimal(12,2) NOT NULL DEFAULT 0.00,
  `deduction` decimal(12,2) NOT NULL DEFAULT 0.00,
  `deduction_notes` text DEFAULT NULL,
  `advance_payment` decimal(12,2) NOT NULL DEFAULT 0.00,
  `net_salary` decimal(12,2) NOT NULL DEFAULT 0.00,
  `bank_payment` decimal(10,2) NOT NULL DEFAULT 0.00,
  `traffic_penalty` decimal(10,2) NOT NULL DEFAULT 0.00,
  `extra_bonus` decimal(10,2) NOT NULL DEFAULT 0.00,
  `extra_notes` text DEFAULT NULL,
  `notes` text DEFAULT NULL,
  `created_at` timestamp NULL DEFAULT NULL,
  `updated_at` timestamp NULL DEFAULT NULL,
  `company_id` bigint(20) unsigned DEFAULT NULL,
  PRIMARY KEY (`id`),
  UNIQUE KEY `payrolls_driver_id_period_month_unique` (`driver_id`,`period_month`),
  KEY `payrolls_company_id_foreign` (`company_id`),
  CONSTRAINT `payrolls_company_id_foreign` FOREIGN KEY (`company_id`) REFERENCES `companies` (`id`) ON DELETE SET NULL,
  CONSTRAINT `payrolls_driver_id_foreign` FOREIGN KEY (`driver_id`) REFERENCES `drivers` (`id`) ON DELETE CASCADE
) ENGINE=InnoDB AUTO_INCREMENT=8 DEFAULT CHARSET=utf8mb4 COLLATE=utf8mb4_unicode_ci;
/*!40101 SET character_set_client = @saved_cs_client */;

--
-- Dumping data for table `payrolls`
--

LOCK TABLES `payrolls` WRITE;
/*!40000 ALTER TABLE `payrolls` DISABLE KEYS */;
INSERT INTO `payrolls` VALUES (4,8,'2026-04',8000.00,250.00,5000.00,'ÝCRA NÝSAN',1500.00,750.00,0.00,1500.00,500.00,'PASPAS ALŢDI',NULL,'2026-04-23 14:19:49','2026-04-23 14:20:10',2);
/*!40000 ALTER TABLE `payrolls` ENABLE KEYS */;
UNLOCK TABLES;

--
-- Table structure for table `permissions`
--

DROP TABLE IF EXISTS `permissions`;
/*!40101 SET @saved_cs_client     = @@character_set_client */;
/*!40101 SET character_set_client = utf8 */;
CREATE TABLE `permissions` (
  `id` bigint(20) unsigned NOT NULL AUTO_INCREMENT,
  `key` varchar(255) NOT NULL,
  `label` varchar(255) NOT NULL,
  `created_at` timestamp NULL DEFAULT NULL,
  `updated_at` timestamp NULL DEFAULT NULL,
  PRIMARY KEY (`id`),
  UNIQUE KEY `permissions_key_unique` (`key`)
) ENGINE=InnoDB AUTO_INCREMENT=58 DEFAULT CHARSET=utf8mb4 COLLATE=utf8mb4_unicode_ci;
/*!40101 SET character_set_client = @saved_cs_client */;

--
-- Dumping data for table `permissions`
--

LOCK TABLES `permissions` WRITE;
/*!40000 ALTER TABLE `permissions` DISABLE KEYS */;
INSERT INTO `permissions` VALUES (1,'dashboard.view','Gösterge Panelini Görüntüleme','2026-04-21 04:54:27','2026-04-23 10:19:03'),(2,'vehicles.view','Araçlarý Görüntüleme','2026-04-21 04:54:27','2026-04-23 10:19:03'),(3,'drivers.view','Personelleri Görüntüleme','2026-04-21 04:54:27','2026-04-23 10:19:03'),(4,'customers.view','Müţterileri Görüntüleme','2026-04-21 04:54:27','2026-04-23 10:19:03'),(5,'service_routes.view','Servis Hatlarý','2026-04-21 04:54:27','2026-04-21 04:54:27'),(6,'route_stops.view','Duraklar','2026-04-21 04:54:27','2026-04-21 04:54:27'),(7,'trips.view','Seferleri Görüntüleme','2026-04-21 04:54:27','2026-04-23 10:19:03'),(8,'payrolls.view','Maaţlarý Görüntüleme','2026-04-21 04:54:27','2026-04-23 10:19:03'),(9,'documents.view','Belgeleri Görüntüleme','2026-04-21 04:54:27','2026-04-23 10:19:03'),(10,'fuels.view','Yakýtlarý Görüntüleme','2026-04-21 04:54:27','2026-04-23 10:19:03'),(11,'company_users.view','Kullanýcýlarý Görüntüleme','2026-04-21 04:54:27','2026-04-23 10:19:03'),(12,'reports.view','Raporlarý Görüntüleme','2026-04-21 04:54:28','2026-04-23 10:19:03'),(13,'drivers.create','Personel Ekleme','2026-04-23 08:35:37','2026-04-23 08:35:37'),(14,'drivers.edit','Personel Düzenleme','2026-04-23 08:35:37','2026-04-23 08:35:37'),(15,'drivers.delete','Personel Silme','2026-04-23 08:35:37','2026-04-23 08:35:37'),(16,'activity_logs.view','Sistem Loglarýný Görüntüleme','2026-04-23 08:35:37','2026-04-23 08:35:37'),(17,'vehicles.create','Araç Ekleme','2026-04-23 08:35:41','2026-04-23 08:35:41'),(18,'vehicles.edit','Araç Düzenleme','2026-04-23 08:35:41','2026-04-23 08:35:41'),(19,'vehicles.delete','Araç Silme','2026-04-23 08:35:41','2026-04-23 08:35:41'),(20,'logs.view','Sistem Loglarýný Görüntüleme','2026-04-23 08:35:55','2026-04-23 08:35:55'),(21,'customers.create','Müţteri Ekleme','2026-04-23 10:19:03','2026-04-23 10:19:03'),(22,'customers.edit','Müţteri Düzenleme','2026-04-23 10:19:03','2026-04-23 10:19:03'),(23,'customers.delete','Müţteri Silme','2026-04-23 10:19:03','2026-04-23 10:19:03'),(24,'trips.create','Sefer Ekleme','2026-04-23 10:19:03','2026-04-23 10:19:03'),(25,'trips.edit','Sefer Düzenleme','2026-04-23 10:19:03','2026-04-23 10:19:03'),(26,'trips.delete','Sefer Silme','2026-04-23 10:19:03','2026-04-23 10:19:03'),(27,'fuels.create','Yakýt Ekleme','2026-04-23 10:19:03','2026-04-23 10:19:03'),(28,'fuels.edit','Yakýt Düzenleme','2026-04-23 10:19:03','2026-04-23 10:19:03'),(29,'fuels.delete','Yakýt Silme','2026-04-23 10:19:03','2026-04-23 10:19:03'),(30,'fuel_stations.view','Ýstasyonlarý Görüntüleme','2026-04-23 10:19:03','2026-04-23 10:19:03'),(31,'fuel_stations.create','Ýstasyon Ekleme','2026-04-23 10:19:03','2026-04-23 10:19:03'),(32,'fuel_stations.edit','Ýstasyon Düzenleme','2026-04-23 10:19:03','2026-04-23 10:19:03'),(33,'fuel_stations.delete','Ýstasyon Silme','2026-04-23 10:19:03','2026-04-23 10:19:03'),(34,'maintenances.view','Bakýmlarý Görüntüleme','2026-04-23 10:19:03','2026-04-23 10:19:03'),(35,'maintenances.create','Bakým Ekleme','2026-04-23 10:19:03','2026-04-23 10:19:03'),(36,'maintenances.edit','Bakým Düzenleme','2026-04-23 10:19:03','2026-04-23 10:19:03'),(37,'maintenances.delete','Bakým Silme','2026-04-23 10:19:03','2026-04-23 10:19:03'),(38,'penalties.view','Cezalarý Görüntüleme','2026-04-23 10:19:03','2026-04-23 10:19:03'),(39,'penalties.create','Ceza Ekleme','2026-04-23 10:19:03','2026-04-23 10:19:03'),(40,'penalties.edit','Ceza Düzenleme','2026-04-23 10:19:03','2026-04-23 10:19:03'),(41,'penalties.delete','Ceza Silme','2026-04-23 10:19:03','2026-04-23 10:19:03'),(42,'documents.create','Belge Ekleme','2026-04-23 10:19:03','2026-04-23 10:19:03'),(43,'documents.edit','Belge Düzenleme','2026-04-23 10:19:03','2026-04-23 10:19:03'),(44,'documents.delete','Belge Silme','2026-04-23 10:19:03','2026-04-23 10:19:03'),(45,'payrolls.create','Maaţ Ekleme','2026-04-23 10:19:03','2026-04-23 10:19:03'),(46,'payrolls.edit','Maaţ Düzenleme','2026-04-23 10:19:03','2026-04-23 10:19:03'),(47,'payrolls.delete','Maaţ Silme','2026-04-23 10:19:03','2026-04-23 10:19:03'),(48,'company_users.create','Kullanýcý Ekleme','2026-04-23 10:19:03','2026-04-23 10:19:03'),(49,'company_users.edit','Kullanýcý Düzenleme','2026-04-23 10:19:03','2026-04-23 10:19:03'),(50,'company_users.delete','Kullanýcý Silme','2026-04-23 10:19:03','2026-04-23 10:19:03'),(51,'finance.view','Finans Görüntüleme','2026-04-25 07:15:47','2026-04-25 07:15:47'),(52,'finance.create','Finans Ekleme','2026-04-25 07:15:47','2026-04-25 07:15:47'),(53,'finance.edit','Finans Düzenleme','2026-04-25 07:15:47','2026-04-25 07:15:47'),(54,'finance.delete','Finans Silme','2026-04-25 07:15:47','2026-04-25 07:15:47'),(55,'reports.export','Rapor Dýţa Aktarma','2026-04-25 07:15:47','2026-04-25 07:15:47'),(56,'chat.view','Mesajlaţma Görüntüleme','2026-04-25 07:15:47','2026-04-25 07:15:47'),(57,'chat.create','Mesajlaţma Gönderme','2026-04-25 07:15:47','2026-04-25 07:15:47');
/*!40000 ALTER TABLE `permissions` ENABLE KEYS */;
UNLOCK TABLES;

--
-- Table structure for table `personal_access_tokens`
--

DROP TABLE IF EXISTS `personal_access_tokens`;
/*!40101 SET @saved_cs_client     = @@character_set_client */;
/*!40101 SET character_set_client = utf8 */;
CREATE TABLE `personal_access_tokens` (
  `id` bigint(20) unsigned NOT NULL AUTO_INCREMENT,
  `tokenable_type` varchar(255) NOT NULL,
  `tokenable_id` bigint(20) unsigned NOT NULL,
  `name` text NOT NULL,
  `token` varchar(64) NOT NULL,
  `abilities` text DEFAULT NULL,
  `last_used_at` timestamp NULL DEFAULT NULL,
  `expires_at` timestamp NULL DEFAULT NULL,
  `created_at` timestamp NULL DEFAULT NULL,
  `updated_at` timestamp NULL DEFAULT NULL,
  PRIMARY KEY (`id`),
  UNIQUE KEY `personal_access_tokens_token_unique` (`token`),
  KEY `personal_access_tokens_tokenable_type_tokenable_id_index` (`tokenable_type`,`tokenable_id`),
  KEY `personal_access_tokens_expires_at_index` (`expires_at`)
) ENGINE=InnoDB AUTO_INCREMENT=51 DEFAULT CHARSET=utf8mb4 COLLATE=utf8mb4_unicode_ci;
/*!40101 SET character_set_client = @saved_cs_client */;

--
-- Dumping data for table `personal_access_tokens`
--

LOCK TABLES `personal_access_tokens` WRITE;
/*!40000 ALTER TABLE `personal_access_tokens` DISABLE KEYS */;
INSERT INTO `personal_access_tokens` VALUES (1,'App\\Models\\User',2,'mobile-app','b9d9982931ec306d13b25cb4def94c136b8d63e72df64e0d37e2562f3232615e','[\"*\"]','2026-04-24 15:14:11',NULL,'2026-04-24 14:06:55','2026-04-24 15:14:11'),(2,'App\\Models\\User',2,'mobile-app','b3bf36240d972de4d88886a62426001ebc0e796278ef0d5c0ef7b4d0dd2c6033','[\"*\"]','2026-04-24 15:32:37',NULL,'2026-04-24 15:27:56','2026-04-24 15:32:37'),(3,'App\\Models\\User',2,'mobile-app','ef618ae7a00b9b292bfd4e36a1b0d700d6c90eec666002b279bf33e2520a0b0d','[\"*\"]',NULL,NULL,'2026-04-24 15:35:12','2026-04-24 15:35:12'),(4,'App\\Models\\User',2,'mobile-app','76069212d4cc5436e42b02c4bc14453ef2612cd760f1e54b3318700818b1d1a8','[\"*\"]','2026-04-24 16:31:57',NULL,'2026-04-24 15:46:04','2026-04-24 16:31:57'),(5,'App\\Models\\User',2,'mobile-app','b2ee52a72df714352e51a03ddcb98c523e0f130bf36c9f7546c0e117cb75e40d','[\"*\"]','2026-04-25 06:14:23',NULL,'2026-04-24 16:40:29','2026-04-25 06:14:23'),(6,'App\\Models\\User',17,'admin','dcc651d1ec5a80a650b219deb13e162e331b4938157b21cde5d269b37c284383','[\"*\"]',NULL,NULL,'2026-04-25 07:02:09','2026-04-25 07:02:09'),(7,'App\\Models\\User',18,'viewer','d3a9a6c150931fd850e84d8679861d3c706b96e7afc541f6f2763b4c18dad63f','[\"*\"]',NULL,NULL,'2026-04-25 07:02:09','2026-04-25 07:02:09'),(8,'App\\Models\\User',17,'admin','b6c9db9fc8a8226004d4fbfae595316b6fb754e7c4995e5ecc354dce6c6ca546','[\"*\"]',NULL,NULL,'2026-04-25 07:02:29','2026-04-25 07:02:29'),(9,'App\\Models\\User',18,'viewer','a890f80c62a323c5f431ee6adc79ad1ea8ac26c08207fdecd25613b90c6f084c','[\"*\"]','2026-04-25 07:02:30',NULL,'2026-04-25 07:02:29','2026-04-25 07:02:30'),(10,'App\\Models\\User',19,'admin','a69b4e1f030c520260d3f579a8437107e793dc4106cf49a344e3fa1335c94d48','[\"*\"]','2026-04-25 07:03:45',NULL,'2026-04-25 07:03:45','2026-04-25 07:03:45'),(11,'App\\Models\\User',20,'viewer','6ff2d38c56c0aa6fe970326ec691c9be92364f8bb26e6e3dee60c4ea5aa6944a','[\"*\"]','2026-04-25 07:03:46',NULL,'2026-04-25 07:03:45','2026-04-25 07:03:46'),(12,'App\\Models\\User',21,'admin','4bdeab96e574f10c5259ec8d617006582151136bff3dd9b1eedb0698e56b7582','[\"*\"]','2026-04-25 07:04:29',NULL,'2026-04-25 07:04:28','2026-04-25 07:04:29'),(13,'App\\Models\\User',22,'viewer','4790a8fe5fe84ffd1e47bdbb67b893193ecd05839be193cac67e5adc81383baa','[\"*\"]','2026-04-25 07:04:29',NULL,'2026-04-25 07:04:28','2026-04-25 07:04:29'),(14,'App\\Models\\User',23,'admin','f764d666dd84c36a04f3480167c9c34473ada503ec6f8a0e716ed7fce7a1f20f','[\"*\"]','2026-04-25 07:04:50',NULL,'2026-04-25 07:04:49','2026-04-25 07:04:50'),(15,'App\\Models\\User',24,'viewer','312f5ce02d47c9ce6f1d87b2224c6e30c60572f314ca65a25d9533415ea734e0','[\"*\"]','2026-04-25 07:04:50',NULL,'2026-04-25 07:04:49','2026-04-25 07:04:50'),(16,'App\\Models\\User',25,'admin','8c0955f97e1cac0e2d00a81ff32b03cda428bbf03a841095eaca18580444944f','[\"*\"]','2026-04-25 07:05:32',NULL,'2026-04-25 07:05:32','2026-04-25 07:05:32'),(17,'App\\Models\\User',26,'viewer','0a3a5ed31f68381855f70acf33fda77038c439963246a9819b03cbca37f6d064','[\"*\"]','2026-04-25 07:05:32',NULL,'2026-04-25 07:05:32','2026-04-25 07:05:32'),(18,'App\\Models\\User',27,'admin','5e2af0f878b233fa2cdf3b3f1e39ba9f5269a2c5476cde4cbb8f08b51f9c5b7a','[\"*\"]','2026-04-25 07:06:07',NULL,'2026-04-25 07:06:07','2026-04-25 07:06:07'),(19,'App\\Models\\User',28,'viewer','c879156c35babb37e9713cdbaa86961780fa386869500322afd5abd5767ea0c4','[\"*\"]','2026-04-25 07:06:07',NULL,'2026-04-25 07:06:07','2026-04-25 07:06:07'),(20,'App\\Models\\User',29,'admin','d788a4f0870da6297a9029db6f03646f88ddb8850b059280bf93fe77b483b363','[\"*\"]','2026-04-25 07:07:42',NULL,'2026-04-25 07:07:41','2026-04-25 07:07:42'),(21,'App\\Models\\User',30,'viewer','fa1dec57598ede5e40e63718ccfafb746abb1f968e03fe104d21686ac90b9fe0','[\"*\"]','2026-04-25 07:07:42',NULL,'2026-04-25 07:07:41','2026-04-25 07:07:42'),(22,'App\\Models\\User',31,'admin','220aec8d570672f47a125518c30c539673770452d99ba224726732bf4a5334c3','[\"*\"]','2026-04-25 07:08:16',NULL,'2026-04-25 07:08:16','2026-04-25 07:08:16'),(23,'App\\Models\\User',32,'viewer','bdda89f7a8fb938185e38f8f0e176f29e31afaf9189d67e74214b72f9dcaeb84','[\"*\"]','2026-04-25 07:08:16',NULL,'2026-04-25 07:08:16','2026-04-25 07:08:16'),(24,'App\\Models\\User',33,'admin','001bf1f36c8ee46cfeb13ec848800c0f41772d097b4c11037995b6c61fa7b460','[\"*\"]','2026-04-25 07:08:50',NULL,'2026-04-25 07:08:50','2026-04-25 07:08:50'),(25,'App\\Models\\User',34,'viewer','94b21c63b1a172808dce6b925a74129c8af59a5205d898870c5a089323d9aabb','[\"*\"]','2026-04-25 07:08:50',NULL,'2026-04-25 07:08:50','2026-04-25 07:08:50'),(26,'App\\Models\\User',35,'admin','b3f38c3e765eeaa9d568934dd88257e6d252e04e0b42cdd54b3b65b14358bc62','[\"*\"]','2026-04-25 07:10:01',NULL,'2026-04-25 07:10:00','2026-04-25 07:10:01'),(27,'App\\Models\\User',36,'viewer','298673a515fec56c695fc20b7e231507a1e4d467d4b4f6d69eef6b0722c02854','[\"*\"]','2026-04-25 07:10:01',NULL,'2026-04-25 07:10:00','2026-04-25 07:10:01'),(28,'App\\Models\\User',2,'web','098dc46256a2c5b264d290d6dec10207f74a2d20b9d6052e07dea73824de87ba','[\"*\"]','2026-04-25 11:22:46',NULL,'2026-04-25 09:50:33','2026-04-25 11:22:46'),(29,'App\\Models\\User',2,'web','6b0c3b89a06decd5e6c16f312d36290d94e2ba07c83042f60465d6a0b7504d06','[\"*\"]','2026-04-25 11:21:19',NULL,'2026-04-25 10:14:48','2026-04-25 11:21:19'),(30,'App\\Models\\User',2,'web','bdb23121d8fe77c8e70e88cf393fc74761760a7fed2171ce25a4ecf8f97bb6ef','[\"*\"]',NULL,NULL,'2026-04-25 11:46:22','2026-04-25 11:46:22'),(32,'App\\Models\\User',2,'web','6154beb436ccecc784df8e0972f9e6dab2544e603db557ae060e10168f6dadec','[\"*\"]',NULL,NULL,'2026-04-25 11:52:53','2026-04-25 11:52:53'),(33,'App\\Models\\User',2,'web','01a7f8141d3b88465a3abcf3a7068494e2d96bd0aa6d45dd3b9609117fb36414','[\"*\"]','2026-04-25 11:56:11',NULL,'2026-04-25 11:54:42','2026-04-25 11:56:11'),(34,'App\\Models\\User',2,'web','1e0fba43cb7b9799af1b6da2a371ad2dac2195fb01a86fcfbaf88986f4bf4638','[\"*\"]','2026-04-25 12:02:48',NULL,'2026-04-25 11:56:52','2026-04-25 12:02:48'),(36,'App\\Models\\User',55,'web','defbb013bba43bc10fefbf22e2512561feb17e600f1372cc11bbb05f63c05a27','[\"*\"]','2026-04-25 13:49:42',NULL,'2026-04-25 13:49:09','2026-04-25 13:49:42'),(37,'App\\Models\\User',55,'web','de00d594641080397c7a7934461a680a6f005b7af60979c312372420c9771208','[\"*\"]','2026-04-25 14:07:19',NULL,'2026-04-25 13:50:10','2026-04-25 14:07:19'),(38,'App\\Models\\User',55,'web','bb40da7b23aa807ab077e8e7d395acb385d7bb7f6bf95a587196e4cc6030b185','[\"*\"]',NULL,NULL,'2026-04-25 14:24:56','2026-04-25 14:24:56'),(39,'App\\Models\\User',55,'web','b54c2503afa73d755e5ecc8ffce0021f1197f19ae2269b886c76a50515a4bec5','[\"*\"]','2026-04-25 14:35:56',NULL,'2026-04-25 14:25:59','2026-04-25 14:35:56'),(41,'App\\Models\\User',57,'admin','de3f1d0d29598d3bc05fba8d5468622c03fc606f35314279c7a649f317df6664','[\"*\"]',NULL,NULL,'2026-04-25 14:51:03','2026-04-25 14:51:03'),(42,'App\\Models\\User',58,'viewer','7fc4fcc9a5b8b0125439eacfb67ae6d2e7f01c6d39a09a0152caccc5389257dd','[\"*\"]',NULL,NULL,'2026-04-25 14:51:03','2026-04-25 14:51:03'),(43,'App\\Models\\User',2,'web','7cf6a81b4842a8e22b51f424568143ade1439f95979fd2ba1388ddea3d9d5be4','[\"*\"]','2026-04-25 18:24:05',NULL,'2026-04-25 15:41:14','2026-04-25 18:24:05'),(44,'App\\Models\\User',6,'web','0b51640298d91c5de0f974326625a29e3be09e523dd6a8a370e0daf337282b95','[\"*\"]','2026-04-25 18:45:27',NULL,'2026-04-25 15:54:32','2026-04-25 18:45:27'),(48,'App\\Models\\User',55,'web','7f815f88e7293d8f30c486550d441057d8b5814013f504f4c6730415eeaab915','[\"*\"]','2026-04-25 20:08:45',NULL,'2026-04-25 18:28:47','2026-04-25 20:08:45'),(49,'App\\Models\\User',59,'admin','96f6babe94dd798d98c14e1e71f757fddd87ce4d5b9e005ecd9fca8757833684','[\"*\"]',NULL,NULL,'2026-04-25 19:24:53','2026-04-25 19:24:53'),(50,'App\\Models\\User',60,'viewer','5e8317ad4629de1d5adba9ef3008e39c34137b34f3087d2cfb9c0619283da9e3','[\"*\"]',NULL,NULL,'2026-04-25 19:24:53','2026-04-25 19:24:53');
/*!40000 ALTER TABLE `personal_access_tokens` ENABLE KEYS */;
UNLOCK TABLES;

--
-- Table structure for table `route_stops`
--

DROP TABLE IF EXISTS `route_stops`;
/*!40101 SET @saved_cs_client     = @@character_set_client */;
/*!40101 SET character_set_client = utf8 */;
CREATE TABLE `route_stops` (
  `id` bigint(20) unsigned NOT NULL AUTO_INCREMENT,
  `service_route_id` bigint(20) unsigned NOT NULL,
  `stop_name` varchar(255) NOT NULL,
  `stop_order` int(11) NOT NULL DEFAULT 1,
  `stop_time` time DEFAULT NULL,
  `location` varchar(255) DEFAULT NULL,
  `is_active` tinyint(1) NOT NULL DEFAULT 1,
  `notes` text DEFAULT NULL,
  `created_at` timestamp NULL DEFAULT NULL,
  `updated_at` timestamp NULL DEFAULT NULL,
  `company_id` bigint(20) unsigned DEFAULT NULL,
  PRIMARY KEY (`id`),
  KEY `route_stops_service_route_id_foreign` (`service_route_id`),
  KEY `route_stops_company_id_foreign` (`company_id`),
  CONSTRAINT `route_stops_company_id_foreign` FOREIGN KEY (`company_id`) REFERENCES `companies` (`id`) ON DELETE SET NULL,
  CONSTRAINT `route_stops_service_route_id_foreign` FOREIGN KEY (`service_route_id`) REFERENCES `service_routes` (`id`) ON DELETE CASCADE
) ENGINE=InnoDB AUTO_INCREMENT=3 DEFAULT CHARSET=utf8mb4 COLLATE=utf8mb4_unicode_ci;
/*!40101 SET character_set_client = @saved_cs_client */;

--
-- Dumping data for table `route_stops`
--

LOCK TABLES `route_stops` WRITE;
/*!40000 ALTER TABLE `route_stops` DISABLE KEYS */;
/*!40000 ALTER TABLE `route_stops` ENABLE KEYS */;
UNLOCK TABLES;

--
-- Table structure for table `service_routes`
--

DROP TABLE IF EXISTS `service_routes`;
/*!40101 SET @saved_cs_client     = @@character_set_client */;
/*!40101 SET character_set_client = utf8 */;
CREATE TABLE `service_routes` (
  `id` bigint(20) unsigned NOT NULL AUTO_INCREMENT,
  `customer_id` bigint(20) unsigned NOT NULL,
  `vehicle_id` bigint(20) unsigned DEFAULT NULL,
  `driver_id` bigint(20) unsigned DEFAULT NULL,
  `morning_vehicle_id` bigint(20) unsigned DEFAULT NULL,
  `evening_vehicle_id` bigint(20) unsigned DEFAULT NULL,
  `fee_type` varchar(255) NOT NULL DEFAULT 'free',
  `saturday_pricing` tinyint(1) NOT NULL DEFAULT 0,
  `sunday_pricing` tinyint(1) NOT NULL DEFAULT 0,
  `morning_fee` decimal(10,2) NOT NULL DEFAULT 0.00,
  `evening_fee` decimal(10,2) NOT NULL DEFAULT 0.00,
  `fallback_morning_fee` decimal(10,2) NOT NULL DEFAULT 0.00,
  `fallback_evening_fee` decimal(10,2) NOT NULL DEFAULT 0.00,
  `route_name` varchar(255) NOT NULL,
  `vehicle_type` varchar(255) DEFAULT NULL,
  `service_type` varchar(255) NOT NULL DEFAULT 'both',
  `route_type` varchar(255) DEFAULT NULL,
  `start_location` varchar(255) DEFAULT NULL,
  `end_location` varchar(255) DEFAULT NULL,
  `departure_time` time DEFAULT NULL,
  `arrival_time` time DEFAULT NULL,
  `price` decimal(12,2) DEFAULT NULL,
  `is_active` tinyint(1) NOT NULL DEFAULT 1,
  `notes` text DEFAULT NULL,
  `created_at` timestamp NULL DEFAULT NULL,
  `updated_at` timestamp NULL DEFAULT NULL,
  `company_id` bigint(20) unsigned DEFAULT NULL,
  PRIMARY KEY (`id`),
  KEY `service_routes_customer_id_foreign` (`customer_id`),
  KEY `service_routes_vehicle_id_foreign` (`vehicle_id`),
  KEY `service_routes_driver_id_foreign` (`driver_id`),
  KEY `service_routes_company_id_foreign` (`company_id`),
  KEY `service_routes_pickup_vehicle_id_foreign` (`morning_vehicle_id`),
  KEY `service_routes_dropoff_vehicle_id_foreign` (`evening_vehicle_id`),
  CONSTRAINT `service_routes_company_id_foreign` FOREIGN KEY (`company_id`) REFERENCES `companies` (`id`) ON DELETE SET NULL,
  CONSTRAINT `service_routes_customer_id_foreign` FOREIGN KEY (`customer_id`) REFERENCES `customers` (`id`) ON DELETE CASCADE,
  CONSTRAINT `service_routes_driver_id_foreign` FOREIGN KEY (`driver_id`) REFERENCES `drivers` (`id`) ON DELETE SET NULL,
  CONSTRAINT `service_routes_dropoff_vehicle_id_foreign` FOREIGN KEY (`evening_vehicle_id`) REFERENCES `vehicles` (`id`) ON DELETE SET NULL,
  CONSTRAINT `service_routes_pickup_vehicle_id_foreign` FOREIGN KEY (`morning_vehicle_id`) REFERENCES `vehicles` (`id`) ON DELETE SET NULL,
  CONSTRAINT `service_routes_vehicle_id_foreign` FOREIGN KEY (`vehicle_id`) REFERENCES `vehicles` (`id`) ON DELETE SET NULL
) ENGINE=InnoDB AUTO_INCREMENT=3 DEFAULT CHARSET=utf8mb4 COLLATE=utf8mb4_unicode_ci;
/*!40101 SET character_set_client = @saved_cs_client */;

--
-- Dumping data for table `service_routes`
--

LOCK TABLES `service_routes` WRITE;
/*!40000 ALTER TABLE `service_routes` DISABLE KEYS */;
INSERT INTO `service_routes` VALUES (1,5,NULL,NULL,NULL,NULL,'free',0,0,0.00,0.00,0.00,0.00,'Test Route Base','minibus','both',NULL,NULL,NULL,NULL,NULL,NULL,1,NULL,'2026-04-25 08:22:46','2026-04-25 08:22:46',1);
/*!40000 ALTER TABLE `service_routes` ENABLE KEYS */;
UNLOCK TABLES;

--
-- Table structure for table `sessions`
--

DROP TABLE IF EXISTS `sessions`;
/*!40101 SET @saved_cs_client     = @@character_set_client */;
/*!40101 SET character_set_client = utf8 */;
CREATE TABLE `sessions` (
  `id` varchar(255) NOT NULL,
  `user_id` bigint(20) unsigned DEFAULT NULL,
  `ip_address` varchar(45) DEFAULT NULL,
  `user_agent` text DEFAULT NULL,
  `payload` longtext NOT NULL,
  `last_activity` int(11) NOT NULL,
  PRIMARY KEY (`id`),
  KEY `sessions_user_id_index` (`user_id`),
  KEY `sessions_last_activity_index` (`last_activity`)
) ENGINE=InnoDB DEFAULT CHARSET=utf8mb4 COLLATE=utf8mb4_unicode_ci;
/*!40101 SET character_set_client = @saved_cs_client */;

--
-- Dumping data for table `sessions`
--

LOCK TABLES `sessions` WRITE;
/*!40000 ALTER TABLE `sessions` DISABLE KEYS */;
INSERT INTO `sessions` VALUES ('aBSjlWfFuZpNCWtPgyTmRirKSktszMR8DgUA3AVT',NULL,'127.0.0.1','Mozilla/5.0 (Windows NT 10.0; Win64; x64) AppleWebKit/537.36 (KHTML, like Gecko) Chrome/147.0.0.0 Safari/537.36','YTozOntzOjY6Il90b2tlbiI7czo0MDoibFF0eXNubXFLSWtjeWJYc2ZpZ3FMdmJXa2dMT3BON0RwNTVkU3N2RSI7czo5OiJfcHJldmlvdXMiO2E6Mjp7czozOiJ1cmwiO3M6ODU6Imh0dHA6Ly8xMjcuMC4wLjE6ODAwMC92ZWhpY2xlLXBob3RvLXVwbG9hZC83L1NTc3BrTmMxZ0FqSG92S3RYSm5vS2VEWnh3WDNXRnNiTTIxdk53SnAiO3M6NToicm91dGUiO3M6Mjc6InZlaGljbGVzLnB1YmxpYy1pbWFnZXMuZm9ybSI7fXM6NjoiX2ZsYXNoIjthOjI6e3M6Mzoib2xkIjthOjA6e31zOjM6Im5ldyI7YTowOnt9fX0=',1777142237),('FJf9ChafgfV7cWqMWzos8XzZqpz8iPacjX4zKbeJ',2,'127.0.0.1','Mozilla/5.0 (Windows NT 10.0; Win64; x64) AppleWebKit/537.36 (KHTML, like Gecko) Chrome/147.0.0.0 Safari/537.36','YTo0OntzOjY6Il90b2tlbiI7czo0MDoidEo2Z1VxbWxaRkNKWHIyN3JITFhOZ3dxbWdpWlRWSnJYUGh1S1N2MCI7czo2OiJfZmxhc2giO2E6Mjp7czozOiJvbGQiO2E6MDp7fXM6MzoibmV3IjthOjA6e319czo5OiJfcHJldmlvdXMiO2E6Mjp7czozOiJ1cmwiO3M6Mzk6Imh0dHA6Ly8xMjcuMC4wLjE6ODAwMC9jaGF0L3VucmVhZC1jb3VudCI7czo1OiJyb3V0ZSI7czoxMToiY2hhdC51bnJlYWQiO31zOjUwOiJsb2dpbl93ZWJfNTliYTM2YWRkYzJiMmY5NDAxNTgwZjAxNGM3ZjU4ZWE0ZTMwOTg5ZCI7aToyO30=',1777147725);
/*!40000 ALTER TABLE `sessions` ENABLE KEYS */;
UNLOCK TABLES;

--
-- Table structure for table `traffic_penalties`
--

DROP TABLE IF EXISTS `traffic_penalties`;
/*!40101 SET @saved_cs_client     = @@character_set_client */;
/*!40101 SET character_set_client = utf8 */;
CREATE TABLE `traffic_penalties` (
  `id` bigint(20) unsigned NOT NULL AUTO_INCREMENT,
  `company_id` bigint(20) unsigned NOT NULL,
  `vehicle_id` bigint(20) unsigned DEFAULT NULL,
  `penalty_no` varchar(255) NOT NULL,
  `penalty_date` date NOT NULL,
  `penalty_time` varchar(10) DEFAULT NULL,
  `penalty_article` varchar(255) NOT NULL,
  `penalty_location` varchar(255) NOT NULL,
  `penalty_amount` decimal(12,2) NOT NULL DEFAULT 0.00,
  `discounted_amount` decimal(12,2) NOT NULL DEFAULT 0.00,
  `driver_name` varchar(255) NOT NULL,
  `payment_date` date DEFAULT NULL,
  `paid_amount` decimal(12,2) DEFAULT NULL,
  `payment_status` varchar(255) NOT NULL DEFAULT 'unpaid',
  `traffic_penalty_document` varchar(255) DEFAULT NULL,
  `payment_receipt` varchar(255) DEFAULT NULL,
  `notes` text DEFAULT NULL,
  `created_at` timestamp NULL DEFAULT NULL,
  `updated_at` timestamp NULL DEFAULT NULL,
  PRIMARY KEY (`id`),
  UNIQUE KEY `traffic_penalties_penalty_no_unique` (`penalty_no`),
  KEY `traffic_penalties_vehicle_id_foreign` (`vehicle_id`),
  KEY `traffic_penalties_company_id_penalty_date_index` (`company_id`,`penalty_date`),
  KEY `traffic_penalties_company_id_payment_status_index` (`company_id`,`payment_status`),
  CONSTRAINT `traffic_penalties_company_id_foreign` FOREIGN KEY (`company_id`) REFERENCES `companies` (`id`) ON DELETE CASCADE,
  CONSTRAINT `traffic_penalties_vehicle_id_foreign` FOREIGN KEY (`vehicle_id`) REFERENCES `vehicles` (`id`) ON DELETE SET NULL
) ENGINE=InnoDB AUTO_INCREMENT=4 DEFAULT CHARSET=utf8mb4 COLLATE=utf8mb4_unicode_ci;
/*!40101 SET character_set_client = @saved_cs_client */;

--
-- Dumping data for table `traffic_penalties`
--

LOCK TABLES `traffic_penalties` WRITE;
/*!40000 ALTER TABLE `traffic_penalties` DISABLE KEYS */;
INSERT INTO `traffic_penalties` VALUES (1,2,7,'MB92600554','2026-04-15','10:00','73/C HIZ SINIRI','FURGAN DEDE CADDESÝ',5000.00,3750.00,'SABRÝ DOĐRU','2026-04-23',3750.00,'paid','traffic-penalties/documents/SKIZbISopEkKm4DjR6SvbvWDXe20cVtex2iKFk7f.pdf','traffic-penalties/receipts/JFKMbjXSVHjqrXRdMZ1o9Mwmd3rGW7oEukiYH5H0.pdf',NULL,'2026-04-23 13:43:07','2026-04-24 11:22:09'),(3,2,7,'MB926005545','2026-04-25','15:00','73/C HIZ SINIRI','ANKARA YOLU',35000.00,26250.00,'MEHMET ÇELEBÝ','2026-04-25',26250.00,'paid','traffic-penalties/documents/W1f7Cjzzv1rJuX4eULmVyJ8MqkXCR2F6bKtmcAeS.pdf','traffic-penalties/receipts/XXzkdlfqMeVHsbG82tKXwyIWdmGL9YrC1jEm6TTf.pdf',NULL,'2026-04-25 18:19:06','2026-04-25 18:19:06');
/*!40000 ALTER TABLE `traffic_penalties` ENABLE KEYS */;
UNLOCK TABLES;

--
-- Table structure for table `trips`
--

DROP TABLE IF EXISTS `trips`;
/*!40101 SET @saved_cs_client     = @@character_set_client */;
/*!40101 SET character_set_client = utf8 */;
CREATE TABLE `trips` (
  `id` bigint(20) unsigned NOT NULL AUTO_INCREMENT,
  `service_route_id` bigint(20) unsigned NOT NULL,
  `vehicle_id` bigint(20) unsigned DEFAULT NULL,
  `morning_vehicle_id` bigint(20) unsigned DEFAULT NULL,
  `evening_vehicle_id` bigint(20) unsigned DEFAULT NULL,
  `driver_id` bigint(20) unsigned DEFAULT NULL,
  `trip_date` date NOT NULL,
  `trip_status` varchar(255) NOT NULL DEFAULT 'Yapýldý',
  `trip_price` decimal(12,2) DEFAULT NULL,
  `notes` text DEFAULT NULL,
  `created_at` timestamp NULL DEFAULT NULL,
  `updated_at` timestamp NULL DEFAULT NULL,
  `company_id` bigint(20) unsigned DEFAULT NULL,
  PRIMARY KEY (`id`),
  KEY `trips_vehicle_id_foreign` (`vehicle_id`),
  KEY `trips_driver_id_foreign` (`driver_id`),
  KEY `trips_company_id_foreign` (`company_id`),
  KEY `trips_morning_vehicle_id_foreign` (`morning_vehicle_id`),
  KEY `trips_evening_vehicle_id_foreign` (`evening_vehicle_id`),
  KEY `trips_service_route_id_foreign` (`service_route_id`),
  CONSTRAINT `trips_company_id_foreign` FOREIGN KEY (`company_id`) REFERENCES `companies` (`id`) ON DELETE SET NULL,
  CONSTRAINT `trips_driver_id_foreign` FOREIGN KEY (`driver_id`) REFERENCES `drivers` (`id`) ON DELETE SET NULL,
  CONSTRAINT `trips_evening_vehicle_id_foreign` FOREIGN KEY (`evening_vehicle_id`) REFERENCES `vehicles` (`id`) ON DELETE SET NULL,
  CONSTRAINT `trips_morning_vehicle_id_foreign` FOREIGN KEY (`morning_vehicle_id`) REFERENCES `vehicles` (`id`) ON DELETE SET NULL,
  CONSTRAINT `trips_service_route_id_foreign` FOREIGN KEY (`service_route_id`) REFERENCES `customer_service_routes` (`id`) ON DELETE CASCADE,
  CONSTRAINT `trips_vehicle_id_foreign` FOREIGN KEY (`vehicle_id`) REFERENCES `vehicles` (`id`) ON DELETE SET NULL
) ENGINE=InnoDB AUTO_INCREMENT=72 DEFAULT CHARSET=utf8mb4 COLLATE=utf8mb4_unicode_ci;
/*!40101 SET character_set_client = @saved_cs_client */;

--
-- Dumping data for table `trips`
--

LOCK TABLES `trips` WRITE;
/*!40000 ALTER TABLE `trips` DISABLE KEYS */;
INSERT INTO `trips` VALUES (39,1,NULL,NULL,NULL,NULL,'2026-05-04','Yapýldý',6000.00,NULL,'2026-04-21 10:51:15','2026-04-21 10:51:15',2),(40,1,NULL,NULL,NULL,NULL,'2026-05-05','Yapýldý',6000.00,NULL,'2026-04-21 10:51:45','2026-04-21 10:51:45',2),(43,1,NULL,NULL,NULL,NULL,'2026-06-01','Yapýldý',5000.00,NULL,'2026-04-22 12:07:37','2026-04-22 12:07:51',2),(44,2,NULL,NULL,NULL,NULL,'2026-06-01','Yapýldý',5000.00,NULL,'2026-04-22 12:08:15','2026-04-22 12:08:15',2),(45,3,NULL,NULL,NULL,NULL,'2026-06-01','Yapýldý',6000.00,NULL,'2026-04-22 12:08:28','2026-04-22 12:08:28',2),(51,1,NULL,NULL,NULL,NULL,'2026-08-03','Yapýldý',3000.00,NULL,'2026-04-22 15:55:32','2026-04-22 15:55:32',2),(52,1,NULL,NULL,NULL,NULL,'2026-08-04','Yapýldý',3000.00,NULL,'2026-04-22 15:55:42','2026-04-22 15:55:42',2),(56,1,7,7,7,8,'2026-04-01','Yapýldý',5000.00,NULL,'2026-04-22 19:11:20','2026-04-24 11:50:14',2),(57,1,NULL,NULL,NULL,8,'2026-04-17','Yapýldý',5000.00,NULL,'2026-04-22 19:11:36','2026-04-22 19:11:36',2),(58,4,NULL,NULL,NULL,8,'2026-04-18','Yapýldý',500.00,NULL,'2026-04-22 19:20:55','2026-04-22 19:20:55',2),(59,4,NULL,NULL,NULL,8,'2026-04-01','Yapýldý',1000.00,NULL,'2026-04-22 19:23:53','2026-04-22 19:23:53',2),(60,1,7,7,7,8,'2026-04-22','Yapýldý',5000.00,NULL,'2026-04-23 14:18:32','2026-04-24 11:50:21',2),(61,1,7,7,7,8,'2026-04-24','Yapýldý',5000.00,NULL,'2026-04-23 14:18:47','2026-04-24 11:50:24',2),(62,1,7,7,7,8,'2026-04-25','Yapýldý',5000.00,NULL,'2026-04-23 14:18:57','2026-04-24 11:50:28',2);
/*!40000 ALTER TABLE `trips` ENABLE KEYS */;
UNLOCK TABLES;

--
-- Table structure for table `user_permissions`
--

DROP TABLE IF EXISTS `user_permissions`;
/*!40101 SET @saved_cs_client     = @@character_set_client */;
/*!40101 SET character_set_client = utf8 */;
CREATE TABLE `user_permissions` (
  `id` bigint(20) unsigned NOT NULL AUTO_INCREMENT,
  `user_id` bigint(20) unsigned NOT NULL,
  `permission_id` bigint(20) unsigned NOT NULL,
  `created_at` timestamp NULL DEFAULT NULL,
  `updated_at` timestamp NULL DEFAULT NULL,
  PRIMARY KEY (`id`),
  UNIQUE KEY `user_permissions_user_id_permission_id_unique` (`user_id`,`permission_id`),
  KEY `user_permissions_permission_id_foreign` (`permission_id`),
  CONSTRAINT `user_permissions_permission_id_foreign` FOREIGN KEY (`permission_id`) REFERENCES `permissions` (`id`) ON DELETE CASCADE,
  CONSTRAINT `user_permissions_user_id_foreign` FOREIGN KEY (`user_id`) REFERENCES `users` (`id`) ON DELETE CASCADE
) ENGINE=InnoDB AUTO_INCREMENT=367 DEFAULT CHARSET=utf8mb4 COLLATE=utf8mb4_unicode_ci;
/*!40101 SET character_set_client = @saved_cs_client */;

--
-- Dumping data for table `user_permissions`
--

LOCK TABLES `user_permissions` WRITE;
/*!40000 ALTER TABLE `user_permissions` DISABLE KEYS */;
INSERT INTO `user_permissions` VALUES (1,1,11,'2026-04-21 04:55:05','2026-04-21 04:55:05'),(2,1,4,'2026-04-21 04:55:05','2026-04-21 04:55:05'),(3,1,1,'2026-04-21 04:55:05','2026-04-21 04:55:05'),(4,1,9,'2026-04-21 04:55:05','2026-04-21 04:55:05'),(5,1,3,'2026-04-21 04:55:05','2026-04-21 04:55:05'),(6,1,10,'2026-04-21 04:55:05','2026-04-21 04:55:05'),(7,1,8,'2026-04-21 04:55:05','2026-04-21 04:55:05'),(8,1,12,'2026-04-21 04:55:05','2026-04-21 04:55:05'),(9,1,6,'2026-04-21 04:55:05','2026-04-21 04:55:05'),(10,1,5,'2026-04-21 04:55:05','2026-04-21 04:55:05'),(11,1,7,'2026-04-21 04:55:05','2026-04-21 04:55:05'),(12,1,2,'2026-04-21 04:55:05','2026-04-21 04:55:05'),(13,2,11,'2026-04-21 05:02:00','2026-04-21 05:02:00'),(14,2,4,'2026-04-21 05:02:00','2026-04-21 05:02:00'),(15,2,1,'2026-04-21 05:02:00','2026-04-21 05:02:00'),(16,2,9,'2026-04-21 05:02:00','2026-04-21 05:02:00'),(17,2,3,'2026-04-21 05:02:00','2026-04-21 05:02:00'),(18,2,10,'2026-04-21 05:02:00','2026-04-21 05:02:00'),(19,2,8,'2026-04-21 05:02:00','2026-04-21 05:02:00'),(20,2,12,'2026-04-21 05:02:00','2026-04-21 05:02:00'),(21,2,6,'2026-04-21 05:02:00','2026-04-21 05:02:00'),(22,2,5,'2026-04-21 05:02:00','2026-04-21 05:02:00'),(23,2,7,'2026-04-21 05:02:00','2026-04-21 05:02:00'),(24,2,2,'2026-04-21 05:02:00','2026-04-21 05:02:00'),(25,3,2,'2026-04-21 05:14:37','2026-04-21 05:14:37'),(26,2,16,'2026-04-23 13:03:37','2026-04-23 13:03:37'),(27,2,48,'2026-04-23 13:03:37','2026-04-23 13:03:37'),(28,2,50,'2026-04-23 13:03:37','2026-04-23 13:03:37'),(29,2,49,'2026-04-23 13:03:37','2026-04-23 13:03:37'),(30,2,21,'2026-04-23 13:03:37','2026-04-23 13:03:37'),(31,2,23,'2026-04-23 13:03:37','2026-04-23 13:03:37'),(32,2,22,'2026-04-23 13:03:37','2026-04-23 13:03:37'),(33,2,42,'2026-04-23 13:03:37','2026-04-23 13:03:37'),(34,2,44,'2026-04-23 13:03:37','2026-04-23 13:03:37'),(35,2,43,'2026-04-23 13:03:37','2026-04-23 13:03:37'),(36,2,13,'2026-04-23 13:03:37','2026-04-23 13:03:37'),(37,2,15,'2026-04-23 13:03:37','2026-04-23 13:03:37'),(38,2,14,'2026-04-23 13:03:37','2026-04-23 13:03:37'),(39,2,31,'2026-04-23 13:03:37','2026-04-23 13:03:37'),(40,2,33,'2026-04-23 13:03:37','2026-04-23 13:03:37'),(41,2,32,'2026-04-23 13:03:37','2026-04-23 13:03:37'),(42,2,30,'2026-04-23 13:03:37','2026-04-23 13:03:37'),(43,2,27,'2026-04-23 13:03:37','2026-04-23 13:03:37'),(44,2,29,'2026-04-23 13:03:37','2026-04-23 13:03:37'),(45,2,28,'2026-04-23 13:03:37','2026-04-23 13:03:37'),(46,2,20,'2026-04-23 13:03:37','2026-04-23 13:03:37'),(47,2,35,'2026-04-23 13:03:37','2026-04-23 13:03:37'),(48,2,37,'2026-04-23 13:03:37','2026-04-23 13:03:37'),(49,2,36,'2026-04-23 13:03:37','2026-04-23 13:03:37'),(50,2,34,'2026-04-23 13:03:37','2026-04-23 13:03:37'),(51,2,45,'2026-04-23 13:03:37','2026-04-23 13:03:37'),(52,2,47,'2026-04-23 13:03:37','2026-04-23 13:03:37'),(53,2,46,'2026-04-23 13:03:37','2026-04-23 13:03:37'),(54,2,39,'2026-04-23 13:03:37','2026-04-23 13:03:37'),(55,2,41,'2026-04-23 13:03:37','2026-04-23 13:03:37'),(56,2,40,'2026-04-23 13:03:37','2026-04-23 13:03:37'),(57,2,38,'2026-04-23 13:03:37','2026-04-23 13:03:37'),(58,2,24,'2026-04-23 13:03:37','2026-04-23 13:03:37'),(59,2,26,'2026-04-23 13:03:37','2026-04-23 13:03:37'),(60,2,25,'2026-04-23 13:03:37','2026-04-23 13:03:37'),(61,2,17,'2026-04-23 13:03:37','2026-04-23 13:03:37'),(62,2,19,'2026-04-23 13:03:37','2026-04-23 13:03:37'),(63,2,18,'2026-04-23 13:03:37','2026-04-23 13:03:37'),(64,6,16,'2026-04-23 14:32:49','2026-04-23 14:32:49'),(65,6,48,'2026-04-23 14:32:49','2026-04-23 14:32:49'),(66,6,50,'2026-04-23 14:32:49','2026-04-23 14:32:49'),(67,6,49,'2026-04-23 14:32:49','2026-04-23 14:32:49'),(68,6,11,'2026-04-23 14:32:49','2026-04-23 14:32:49'),(69,6,21,'2026-04-23 14:32:49','2026-04-23 14:32:49'),(70,6,23,'2026-04-23 14:32:49','2026-04-23 14:32:49'),(71,6,22,'2026-04-23 14:32:49','2026-04-23 14:32:49'),(72,6,4,'2026-04-23 14:32:49','2026-04-23 14:32:49'),(73,6,1,'2026-04-23 14:32:49','2026-04-23 14:32:49'),(74,6,42,'2026-04-23 14:32:49','2026-04-23 14:32:49'),(75,6,44,'2026-04-23 14:32:49','2026-04-23 14:32:49'),(76,6,43,'2026-04-23 14:32:49','2026-04-23 14:32:49'),(77,6,9,'2026-04-23 14:32:49','2026-04-23 14:32:49'),(78,6,13,'2026-04-23 14:32:49','2026-04-23 14:32:49'),(79,6,15,'2026-04-23 14:32:49','2026-04-23 14:32:49'),(80,6,14,'2026-04-23 14:32:49','2026-04-23 14:32:49'),(81,6,3,'2026-04-23 14:32:49','2026-04-23 14:32:49'),(82,6,31,'2026-04-23 14:32:49','2026-04-23 14:32:49'),(83,6,33,'2026-04-23 14:32:49','2026-04-23 14:32:49'),(84,6,32,'2026-04-23 14:32:49','2026-04-23 14:32:49'),(85,6,30,'2026-04-23 14:32:49','2026-04-23 14:32:49'),(86,6,27,'2026-04-23 14:32:49','2026-04-23 14:32:49'),(87,6,29,'2026-04-23 14:32:49','2026-04-23 14:32:49'),(88,6,28,'2026-04-23 14:32:49','2026-04-23 14:32:49'),(89,6,10,'2026-04-23 14:32:49','2026-04-23 14:32:49'),(90,6,20,'2026-04-23 14:32:49','2026-04-23 14:32:49'),(91,6,35,'2026-04-23 14:32:49','2026-04-23 14:32:49'),(92,6,37,'2026-04-23 14:32:49','2026-04-23 14:32:49'),(93,6,36,'2026-04-23 14:32:49','2026-04-23 14:32:49'),(94,6,34,'2026-04-23 14:32:49','2026-04-23 14:32:49'),(95,6,45,'2026-04-23 14:32:49','2026-04-23 14:32:49'),(96,6,47,'2026-04-23 14:32:49','2026-04-23 14:32:49'),(97,6,46,'2026-04-23 14:32:49','2026-04-23 14:32:49'),(98,6,8,'2026-04-23 14:32:49','2026-04-23 14:32:49'),(99,6,39,'2026-04-23 14:32:49','2026-04-23 14:32:49'),(100,6,41,'2026-04-23 14:32:49','2026-04-23 14:32:49'),(101,6,40,'2026-04-23 14:32:49','2026-04-23 14:32:49'),(102,6,38,'2026-04-23 14:32:49','2026-04-23 14:32:49'),(103,6,12,'2026-04-23 14:32:49','2026-04-23 14:32:49'),(104,6,6,'2026-04-23 14:32:49','2026-04-23 14:32:49'),(105,6,5,'2026-04-23 14:32:49','2026-04-23 14:32:49'),(106,6,24,'2026-04-23 14:32:49','2026-04-23 14:32:49'),(107,6,26,'2026-04-23 14:32:49','2026-04-23 14:32:49'),(108,6,25,'2026-04-23 14:32:49','2026-04-23 14:32:49'),(109,6,7,'2026-04-23 14:32:49','2026-04-23 14:32:49'),(110,6,17,'2026-04-23 14:32:49','2026-04-23 14:32:49'),(111,6,19,'2026-04-23 14:32:49','2026-04-23 14:32:49'),(112,6,18,'2026-04-23 14:32:49','2026-04-23 14:32:49'),(113,6,2,'2026-04-23 14:32:49','2026-04-23 14:32:49'),(114,39,4,'2026-04-25 07:27:43','2026-04-25 07:27:43'),(119,40,21,'2026-04-25 07:27:43','2026-04-25 07:27:43'),(120,40,23,'2026-04-25 07:27:43','2026-04-25 07:27:43'),(121,40,22,'2026-04-25 07:27:43','2026-04-25 07:27:43'),(122,40,4,'2026-04-25 07:27:43','2026-04-25 07:27:43'),(123,42,3,'2026-04-25 07:42:17','2026-04-25 07:42:17'),(124,42,10,'2026-04-25 07:42:17','2026-04-25 07:42:17'),(125,42,34,'2026-04-25 07:42:17','2026-04-25 07:42:17'),(126,42,7,'2026-04-25 07:42:17','2026-04-25 07:42:17'),(143,43,13,'2026-04-25 07:42:17','2026-04-25 07:42:17'),(144,43,15,'2026-04-25 07:42:17','2026-04-25 07:42:17'),(145,43,14,'2026-04-25 07:42:17','2026-04-25 07:42:17'),(146,43,3,'2026-04-25 07:42:17','2026-04-25 07:42:17'),(147,43,27,'2026-04-25 07:42:17','2026-04-25 07:42:17'),(148,43,29,'2026-04-25 07:42:17','2026-04-25 07:42:17'),(149,43,28,'2026-04-25 07:42:17','2026-04-25 07:42:17'),(150,43,10,'2026-04-25 07:42:17','2026-04-25 07:42:17'),(151,43,35,'2026-04-25 07:42:17','2026-04-25 07:42:17'),(152,43,37,'2026-04-25 07:42:17','2026-04-25 07:42:17'),(153,43,36,'2026-04-25 07:42:17','2026-04-25 07:42:17'),(154,43,34,'2026-04-25 07:42:17','2026-04-25 07:42:17'),(155,43,24,'2026-04-25 07:42:17','2026-04-25 07:42:17'),(156,43,26,'2026-04-25 07:42:17','2026-04-25 07:42:17'),(157,43,25,'2026-04-25 07:42:17','2026-04-25 07:42:17'),(158,43,7,'2026-04-25 07:42:17','2026-04-25 07:42:17'),(207,47,13,'2026-04-25 07:51:15','2026-04-25 07:51:15'),(208,47,15,'2026-04-25 07:51:15','2026-04-25 07:51:15'),(209,47,14,'2026-04-25 07:51:15','2026-04-25 07:51:15'),(210,47,3,'2026-04-25 07:51:15','2026-04-25 07:51:15'),(211,47,27,'2026-04-25 07:51:15','2026-04-25 07:51:15'),(212,47,29,'2026-04-25 07:51:15','2026-04-25 07:51:15'),(213,47,28,'2026-04-25 07:51:15','2026-04-25 07:51:15'),(214,47,10,'2026-04-25 07:51:15','2026-04-25 07:51:15'),(215,47,35,'2026-04-25 07:51:15','2026-04-25 07:51:15'),(216,47,37,'2026-04-25 07:51:15','2026-04-25 07:51:15'),(217,47,36,'2026-04-25 07:51:15','2026-04-25 07:51:15'),(218,47,34,'2026-04-25 07:51:15','2026-04-25 07:51:15'),(219,47,24,'2026-04-25 07:51:15','2026-04-25 07:51:15'),(220,47,26,'2026-04-25 07:51:15','2026-04-25 07:51:15'),(221,47,25,'2026-04-25 07:51:15','2026-04-25 07:51:15'),(222,47,7,'2026-04-25 07:51:15','2026-04-25 07:51:15'),(223,50,21,'2026-04-25 08:04:01','2026-04-25 08:04:01'),(224,50,23,'2026-04-25 08:04:01','2026-04-25 08:04:01'),(225,50,22,'2026-04-25 08:04:01','2026-04-25 08:04:01'),(226,50,4,'2026-04-25 08:04:01','2026-04-25 08:04:01'),(227,50,42,'2026-04-25 08:04:01','2026-04-25 08:04:01'),(228,50,44,'2026-04-25 08:04:01','2026-04-25 08:04:01'),(229,50,43,'2026-04-25 08:04:01','2026-04-25 08:04:01'),(230,50,9,'2026-04-25 08:04:01','2026-04-25 08:04:01'),(231,50,45,'2026-04-25 08:04:01','2026-04-25 08:04:01'),(232,50,47,'2026-04-25 08:04:01','2026-04-25 08:04:01'),(233,50,46,'2026-04-25 08:04:01','2026-04-25 08:04:01'),(234,50,8,'2026-04-25 08:04:01','2026-04-25 08:04:01'),(235,50,39,'2026-04-25 08:04:01','2026-04-25 08:04:01'),(236,50,41,'2026-04-25 08:04:01','2026-04-25 08:04:01'),(237,50,40,'2026-04-25 08:04:01','2026-04-25 08:04:01'),(238,50,38,'2026-04-25 08:04:01','2026-04-25 08:04:01'),(239,51,4,'2026-04-25 08:04:01','2026-04-25 08:04:01'),(240,51,9,'2026-04-25 08:04:01','2026-04-25 08:04:01'),(241,51,8,'2026-04-25 08:04:01','2026-04-25 08:04:01'),(242,51,38,'2026-04-25 08:04:01','2026-04-25 08:04:01'),(243,52,21,'2026-04-25 08:14:11','2026-04-25 08:14:11'),(244,52,23,'2026-04-25 08:14:11','2026-04-25 08:14:11'),(245,52,22,'2026-04-25 08:14:11','2026-04-25 08:14:11'),(246,52,4,'2026-04-25 08:14:11','2026-04-25 08:14:11'),(247,52,52,'2026-04-25 08:14:11','2026-04-25 08:14:11'),(248,52,54,'2026-04-25 08:14:11','2026-04-25 08:14:11'),(249,52,53,'2026-04-25 08:14:11','2026-04-25 08:14:11'),(250,52,51,'2026-04-25 08:14:11','2026-04-25 08:14:11'),(251,53,4,'2026-04-25 08:14:11','2026-04-25 08:14:11'),(252,53,51,'2026-04-25 08:14:11','2026-04-25 08:14:11'),(253,54,16,'2026-04-25 12:57:28','2026-04-25 12:57:28'),(254,54,57,'2026-04-25 12:57:28','2026-04-25 12:57:28'),(255,54,56,'2026-04-25 12:57:28','2026-04-25 12:57:28'),(256,54,48,'2026-04-25 12:57:28','2026-04-25 12:57:28'),(257,54,50,'2026-04-25 12:57:28','2026-04-25 12:57:28'),(258,54,49,'2026-04-25 12:57:28','2026-04-25 12:57:28'),(259,54,11,'2026-04-25 12:57:28','2026-04-25 12:57:28'),(260,54,21,'2026-04-25 12:57:28','2026-04-25 12:57:28'),(261,54,23,'2026-04-25 12:57:28','2026-04-25 12:57:28'),(262,54,22,'2026-04-25 12:57:28','2026-04-25 12:57:28'),(263,54,4,'2026-04-25 12:57:28','2026-04-25 12:57:28'),(264,54,1,'2026-04-25 12:57:28','2026-04-25 12:57:28'),(265,54,42,'2026-04-25 12:57:28','2026-04-25 12:57:28'),(266,54,44,'2026-04-25 12:57:28','2026-04-25 12:57:28'),(267,54,43,'2026-04-25 12:57:28','2026-04-25 12:57:28'),(268,54,9,'2026-04-25 12:57:28','2026-04-25 12:57:28'),(269,54,13,'2026-04-25 12:57:28','2026-04-25 12:57:28'),(270,54,15,'2026-04-25 12:57:28','2026-04-25 12:57:28'),(271,54,14,'2026-04-25 12:57:28','2026-04-25 12:57:28'),(272,54,3,'2026-04-25 12:57:28','2026-04-25 12:57:28'),(273,54,52,'2026-04-25 12:57:28','2026-04-25 12:57:28'),(274,54,54,'2026-04-25 12:57:28','2026-04-25 12:57:28'),(275,54,53,'2026-04-25 12:57:28','2026-04-25 12:57:28'),(276,54,51,'2026-04-25 12:57:28','2026-04-25 12:57:28'),(277,54,31,'2026-04-25 12:57:28','2026-04-25 12:57:28'),(278,54,33,'2026-04-25 12:57:28','2026-04-25 12:57:28'),(279,54,32,'2026-04-25 12:57:28','2026-04-25 12:57:28'),(280,54,30,'2026-04-25 12:57:28','2026-04-25 12:57:28'),(281,54,27,'2026-04-25 12:57:28','2026-04-25 12:57:28'),(282,54,29,'2026-04-25 12:57:28','2026-04-25 12:57:28'),(283,54,28,'2026-04-25 12:57:28','2026-04-25 12:57:28'),(284,54,10,'2026-04-25 12:57:28','2026-04-25 12:57:28'),(285,54,20,'2026-04-25 12:57:28','2026-04-25 12:57:28'),(286,54,35,'2026-04-25 12:57:28','2026-04-25 12:57:28'),(287,54,37,'2026-04-25 12:57:28','2026-04-25 12:57:28'),(288,54,36,'2026-04-25 12:57:28','2026-04-25 12:57:28'),(289,54,34,'2026-04-25 12:57:28','2026-04-25 12:57:28'),(290,54,45,'2026-04-25 12:57:28','2026-04-25 12:57:28'),(291,54,47,'2026-04-25 12:57:28','2026-04-25 12:57:28'),(292,54,46,'2026-04-25 12:57:28','2026-04-25 12:57:28'),(293,54,8,'2026-04-25 12:57:28','2026-04-25 12:57:28'),(294,54,39,'2026-04-25 12:57:28','2026-04-25 12:57:28'),(295,54,41,'2026-04-25 12:57:28','2026-04-25 12:57:28'),(296,54,40,'2026-04-25 12:57:28','2026-04-25 12:57:28'),(297,54,38,'2026-04-25 12:57:28','2026-04-25 12:57:28'),(298,54,55,'2026-04-25 12:57:28','2026-04-25 12:57:28'),(299,54,12,'2026-04-25 12:57:28','2026-04-25 12:57:28'),(300,54,6,'2026-04-25 12:57:28','2026-04-25 12:57:28'),(301,54,5,'2026-04-25 12:57:28','2026-04-25 12:57:28'),(302,54,24,'2026-04-25 12:57:28','2026-04-25 12:57:28'),(303,54,26,'2026-04-25 12:57:28','2026-04-25 12:57:28'),(304,54,25,'2026-04-25 12:57:28','2026-04-25 12:57:28'),(305,54,7,'2026-04-25 12:57:28','2026-04-25 12:57:28'),(306,54,17,'2026-04-25 12:57:28','2026-04-25 12:57:28'),(307,54,19,'2026-04-25 12:57:28','2026-04-25 12:57:28'),(308,54,18,'2026-04-25 12:57:28','2026-04-25 12:57:28'),(309,54,2,'2026-04-25 12:57:28','2026-04-25 12:57:28'),(310,55,18,'2026-04-25 13:16:43','2026-04-25 13:16:43'),(311,55,17,'2026-04-25 13:16:43','2026-04-25 13:16:43'),(312,55,19,'2026-04-25 13:16:43','2026-04-25 13:16:43'),(313,55,2,'2026-04-25 13:16:43','2026-04-25 13:16:43'),(314,55,36,'2026-04-25 13:16:43','2026-04-25 13:16:43'),(315,55,35,'2026-04-25 13:16:43','2026-04-25 13:16:43'),(316,55,37,'2026-04-25 13:16:43','2026-04-25 13:16:43'),(317,55,43,'2026-04-25 13:16:43','2026-04-25 13:16:43'),(318,55,42,'2026-04-25 13:16:43','2026-04-25 13:16:43'),(319,55,44,'2026-04-25 13:16:43','2026-04-25 13:16:43'),(320,55,40,'2026-04-25 13:16:43','2026-04-25 13:16:43'),(321,55,39,'2026-04-25 13:16:43','2026-04-25 13:16:43'),(322,55,41,'2026-04-25 13:16:43','2026-04-25 13:16:43'),(323,55,1,'2026-04-25 13:16:43','2026-04-25 13:16:43'),(324,55,32,'2026-04-25 13:16:43','2026-04-25 13:16:43'),(325,55,31,'2026-04-25 13:16:43','2026-04-25 13:16:43'),(326,55,33,'2026-04-25 13:16:43','2026-04-25 13:16:43'),(327,55,49,'2026-04-25 13:16:43','2026-04-25 13:16:43'),(328,55,48,'2026-04-25 13:16:43','2026-04-25 13:16:43'),(329,55,50,'2026-04-25 13:16:43','2026-04-25 13:16:43'),(330,55,11,'2026-04-25 13:16:43','2026-04-25 13:16:43'),(331,55,46,'2026-04-25 13:16:43','2026-04-25 13:16:43'),(332,55,45,'2026-04-25 13:16:43','2026-04-25 13:16:43'),(333,55,47,'2026-04-25 13:16:43','2026-04-25 13:16:43'),(334,55,8,'2026-04-25 13:16:43','2026-04-25 13:16:43'),(335,55,22,'2026-04-25 13:16:43','2026-04-25 13:16:43'),(336,55,21,'2026-04-25 13:16:43','2026-04-25 13:16:43'),(337,55,23,'2026-04-25 13:16:43','2026-04-25 13:16:43'),(338,55,4,'2026-04-25 13:16:43','2026-04-25 13:16:43'),(339,55,14,'2026-04-25 13:16:43','2026-04-25 13:16:43'),(340,55,13,'2026-04-25 13:16:43','2026-04-25 13:16:43'),(341,55,3,'2026-04-25 13:16:43','2026-04-25 13:16:43'),(342,55,12,'2026-04-25 13:16:43','2026-04-25 13:16:43'),(343,55,25,'2026-04-25 13:16:43','2026-04-25 13:16:43'),(344,55,24,'2026-04-25 13:16:43','2026-04-25 13:16:43'),(345,55,26,'2026-04-25 13:16:43','2026-04-25 13:16:43'),(346,55,7,'2026-04-25 13:16:43','2026-04-25 13:16:43'),(347,55,20,'2026-04-25 13:16:43','2026-04-25 13:16:43'),(348,55,28,'2026-04-25 13:16:43','2026-04-25 13:16:43'),(349,55,27,'2026-04-25 13:16:43','2026-04-25 13:16:43'),(350,55,29,'2026-04-25 13:16:43','2026-04-25 13:16:43'),(351,55,10,'2026-04-25 13:16:43','2026-04-25 13:16:43'),(352,55,16,'2026-04-25 18:28:29','2026-04-25 18:28:29'),(353,55,57,'2026-04-25 18:28:29','2026-04-25 18:28:29'),(354,55,56,'2026-04-25 18:28:29','2026-04-25 18:28:29'),(355,55,9,'2026-04-25 18:28:29','2026-04-25 18:28:29'),(356,55,15,'2026-04-25 18:28:29','2026-04-25 18:28:29'),(357,55,52,'2026-04-25 18:28:29','2026-04-25 18:28:29'),(358,55,54,'2026-04-25 18:28:29','2026-04-25 18:28:29'),(359,55,53,'2026-04-25 18:28:29','2026-04-25 18:28:29'),(360,55,51,'2026-04-25 18:28:29','2026-04-25 18:28:29'),(361,55,30,'2026-04-25 18:28:29','2026-04-25 18:28:29'),(362,55,34,'2026-04-25 18:28:29','2026-04-25 18:28:29'),(363,55,38,'2026-04-25 18:28:30','2026-04-25 18:28:30'),(364,55,55,'2026-04-25 18:28:30','2026-04-25 18:28:30'),(365,55,6,'2026-04-25 18:28:30','2026-04-25 18:28:30'),(366,55,5,'2026-04-25 18:28:30','2026-04-25 18:28:30');
/*!40000 ALTER TABLE `user_permissions` ENABLE KEYS */;
UNLOCK TABLES;

--
-- Table structure for table `users`
--

DROP TABLE IF EXISTS `users`;
/*!40101 SET @saved_cs_client     = @@character_set_client */;
/*!40101 SET character_set_client = utf8 */;
CREATE TABLE `users` (
  `id` bigint(20) unsigned NOT NULL AUTO_INCREMENT,
  `name` varchar(255) NOT NULL,
  `username` varchar(255) DEFAULT NULL,
  `email` varchar(255) NOT NULL,
  `profile_photo` varchar(255) DEFAULT NULL,
  `email_verified_at` timestamp NULL DEFAULT NULL,
  `password` varchar(255) NOT NULL,
  `remember_token` varchar(100) DEFAULT NULL,
  `created_at` timestamp NULL DEFAULT NULL,
  `updated_at` timestamp NULL DEFAULT NULL,
  `company_id` bigint(20) unsigned DEFAULT NULL,
  `customer_id` bigint(20) unsigned DEFAULT NULL,
  `role` varchar(255) NOT NULL DEFAULT 'company_admin',
  `user_type` varchar(255) NOT NULL DEFAULT 'staff',
  `is_active` tinyint(1) NOT NULL DEFAULT 1,
  `is_super_admin` tinyint(1) NOT NULL DEFAULT 0,
  `permissions_updated_at` timestamp NULL DEFAULT NULL,
  PRIMARY KEY (`id`),
  UNIQUE KEY `users_email_unique` (`email`),
  UNIQUE KEY `users_username_unique` (`username`),
  KEY `users_company_id_foreign` (`company_id`),
  KEY `users_customer_id_foreign` (`customer_id`),
  CONSTRAINT `users_company_id_foreign` FOREIGN KEY (`company_id`) REFERENCES `companies` (`id`) ON DELETE SET NULL,
  CONSTRAINT `users_customer_id_foreign` FOREIGN KEY (`customer_id`) REFERENCES `customers` (`id`) ON DELETE SET NULL
) ENGINE=InnoDB AUTO_INCREMENT=61 DEFAULT CHARSET=utf8mb4 COLLATE=utf8mb4_unicode_ci;
/*!40101 SET character_set_client = @saved_cs_client */;

--
-- Dumping data for table `users`
--

LOCK TABLES `users` WRITE;
/*!40000 ALTER TABLE `users` DISABLE KEYS */;
INSERT INTO `users` VALUES (1,'Sabri Dođru',NULL,'sabbridogru@gmail.com',NULL,NULL,'$2y$12$F8f5B7tO37LumR3VTBWbJ.lE.onRfXPNMNJsIBFt6/h2UOnI7OjnG','gDOqm9x6Bu5o1JQ4jjBEBvR3BElzku0ABvpr3vzoXy3FGjnsWBQ11Md8eBc5','2026-04-21 04:55:05','2026-04-25 15:53:07',NULL,NULL,'company_admin','staff',1,1,NULL),(2,'RAMAZAN IRMAK',NULL,'aa@gmail.com',NULL,NULL,'$2y$12$CUoLZTkgBOVsE0lIQKI58ObjbeIVhMlNyd504kA0pZDXX4e0NsPF2','voubbk8kJ0iBfbS91GndQKlys6BUJI3gtXXYpbrYhGJnX2H3y3FX5fiYucik','2026-04-21 05:02:00','2026-04-25 13:45:37',2,NULL,'company_admin','staff',1,0,NULL),(3,'ali ýrmak',NULL,'abc@gmail.com',NULL,NULL,'$2y$12$p75zbv8SJYoaQjKmZXdJBOlW2dZfy3rCU8V9AxlRZ/RRg.XozlXKq',NULL,'2026-04-21 05:14:37','2026-04-21 05:14:37',2,NULL,'accounting','staff',1,0,NULL),(4,'SABRÝ DOĐRU','sabri','sabridoggru@gmail.com',NULL,NULL,'$2y$12$OB8EZMMcmT70zcFAG9Z2cubzkHZjwAHEDnq/7V9gohW7dh5LU.GLu',NULL,'2026-04-22 07:06:28','2026-04-22 07:06:28',2,1,'viewer','customer_portal',1,0,NULL),(5,'MUZAFFER DEMÝR','muzdem','muzdem@gmail.com',NULL,NULL,'$2y$12$E8IKwy3BorRpV26C7tsrVuvzFzsyYj.hNd2qjnN00odKIp0/2iqIO',NULL,'2026-04-22 16:01:13','2026-04-22 16:01:13',2,1,'viewer','customer_portal',1,0,NULL),(6,'hakký gündüz',NULL,'hakkkigunduz@hotmail.com',NULL,NULL,'$2y$12$iCE9I/XqnEtbKezA9fdQzObJozZi3Ag91Mhn4kHidtPbTB5Ih37Qy',NULL,'2026-04-23 14:32:49','2026-04-25 15:53:49',3,NULL,'company_admin','staff',1,0,NULL),(39,'Viewer A',NULL,'viewer_a@test.com',NULL,NULL,'$2y$12$PdAPPsp62vHkl/RPnjpOLukRxsjqujN7ZBYTLMoQDcICqeLzhS1Da',NULL,'2026-04-25 07:27:42','2026-04-25 07:27:42',1,NULL,'viewer','staff',1,0,NULL),(40,'Admin B',NULL,'admin_b@test.com',NULL,NULL,'$2y$12$wB.bfSjIGkwTIHfe5VeA4OKs2eiZXuHGjy0slwMLq.WlJnVC9Iq9y',NULL,'2026-04-25 07:27:43','2026-04-25 07:27:43',2,NULL,'company_admin','staff',1,0,NULL),(42,'Viewer A',NULL,'viewer_a_batch1@test.com',NULL,NULL,'$2y$12$xxKl4CeLahMrZlhq85/q1uJJq.0r1GEIL4dbM2KzQKGD2oRt8vJpq',NULL,'2026-04-25 07:42:17','2026-04-25 07:42:17',1,NULL,'viewer','staff',1,0,NULL),(43,'Admin B',NULL,'admin_b_batch1@test.com',NULL,NULL,'$2y$12$U1MhJkiEkJO7R9dpj678YO/wxv7HKQ6PG3dSHC8hvUbq/1O6eTX5W',NULL,'2026-04-25 07:42:17','2026-04-25 07:42:17',2,NULL,'company_admin','staff',1,0,NULL),(47,'Admin A',NULL,'admin_a_batch1@test.com',NULL,NULL,'$2y$12$DyAL8m.YsNZDHp.7DsTI0O43YmTLaN7en27mbblcOf.gbp5xUMDBO',NULL,'2026-04-25 07:51:15','2026-04-25 07:51:15',1,NULL,'company_admin','staff',1,0,NULL),(48,'Admin B2',NULL,'admin_b2@test.com',NULL,NULL,'$2y$12$4bi78fY776sPC3fQtEwP1.ol0SiO96fEZPjMpRGRK/fokKoVPG8me',NULL,'2026-04-25 08:02:40','2026-04-25 08:02:40',10004,NULL,'company_admin','staff',1,0,NULL),(49,'Viewer B2',NULL,'viewer_b2@test.com',NULL,NULL,'$2y$12$LNUj2bSB4yeCujbN3kp7gOQtCgm2tV7h8ZAE1TXd20GiH5HFkBB6.',NULL,'2026-04-25 08:02:40','2026-04-25 08:02:40',10004,NULL,'viewer','staff',1,0,NULL),(50,'Admin A B2',NULL,'admin_a_b2@test.com',NULL,NULL,'$2y$12$Acb7uC67CCNqdSClmCKSE.zsK9G7cS6dKnaZaNY1BdlPc5XlDQKfm',NULL,'2026-04-25 08:04:01','2026-04-25 08:04:01',1,NULL,'company_admin','staff',1,0,NULL),(51,'Viewer A B2',NULL,'viewer_a_b2@test.com',NULL,NULL,'$2y$12$kvzvs28nnwwQodxWTOvKbOfaNNAkiiGuQCPgfK27r.pzAwb.o3ldq',NULL,'2026-04-25 08:04:01','2026-04-25 08:04:01',1,NULL,'viewer','staff',1,0,NULL),(52,'Admin A B3',NULL,'admin_a_b3@test.com',NULL,NULL,'$2y$12$y0T/rTmRYCAOCojHnP1sMO6dawrE5CLkH2iL5FP1gnflX3tzSoF/O',NULL,'2026-04-25 08:14:10','2026-04-25 08:14:10',1,NULL,'company_admin','staff',1,0,NULL),(53,'Viewer A B3',NULL,'viewer_a_b3@test.com',NULL,NULL,'$2y$12$x5qpnNsXwUTUmtyrI./mHeatQ/oX0L6Pi9SJi.BMr0xA3LsDJJEbK',NULL,'2026-04-25 08:14:11','2026-04-25 08:14:11',1,NULL,'viewer','staff',1,0,NULL),(54,'SABRÝ DOĐRU',NULL,'aaa@gmail.com',NULL,NULL,'$2y$12$3l4wwejDFZZS2tfz1W3r2uV41ANODA7w3M/T63xW2fmeiTEEwjtri',NULL,'2026-04-25 12:57:28','2026-04-25 12:57:28',2,NULL,'company_admin','staff',1,0,NULL),(55,'Ceyda DOĐRU',NULL,'ceyda@gmail.com',NULL,NULL,'$2y$12$JHsmIm9s/pSMQB0PirUSSOqGOpQAPiXIekTnncFKy/oueR1lc7c2e',NULL,'2026-04-25 13:14:21','2026-04-25 18:28:29',2,NULL,'company_admin','staff',1,0,NULL),(56,'Test Observer',NULL,'test_obs_532463221@example.com',NULL,NULL,'$2y$12$lOg.PjekSo8.1JFZv3p4lOfVy3g3zNzHDYeOxLzaC1TeMmxIF9TyO',NULL,'2026-04-25 13:22:19','2026-04-25 13:22:19',1,NULL,'viewer','staff',0,0,NULL);
/*!40000 ALTER TABLE `users` ENABLE KEYS */;
UNLOCK TABLES;

--
-- Table structure for table `vehicle_images`
--

DROP TABLE IF EXISTS `vehicle_images`;
/*!40101 SET @saved_cs_client     = @@character_set_client */;
/*!40101 SET character_set_client = utf8 */;
CREATE TABLE `vehicle_images` (
  `id` bigint(20) unsigned NOT NULL AUTO_INCREMENT,
  `vehicle_id` bigint(20) unsigned NOT NULL,
  `title` varchar(255) DEFAULT NULL,
  `image_type` varchar(50) DEFAULT NULL,
  `upload_source` varchar(50) DEFAULT NULL,
  `file_path` varchar(255) NOT NULL,
  `is_featured` tinyint(1) NOT NULL DEFAULT 0,
  `sort_order` int(10) unsigned NOT NULL DEFAULT 0,
  `created_at` timestamp NULL DEFAULT NULL,
  `updated_at` timestamp NULL DEFAULT NULL,
  `company_id` bigint(20) unsigned NOT NULL,
  PRIMARY KEY (`id`),
  KEY `vehicle_images_vehicle_id_foreign` (`vehicle_id`),
  KEY `vehicle_images_company_id_foreign` (`company_id`),
  CONSTRAINT `vehicle_images_company_id_foreign` FOREIGN KEY (`company_id`) REFERENCES `companies` (`id`) ON DELETE CASCADE,
  CONSTRAINT `vehicle_images_vehicle_id_foreign` FOREIGN KEY (`vehicle_id`) REFERENCES `vehicles` (`id`) ON DELETE CASCADE
) ENGINE=InnoDB AUTO_INCREMENT=6 DEFAULT CHARSET=utf8mb4 COLLATE=utf8mb4_unicode_ci;
/*!40101 SET character_set_client = @saved_cs_client */;

--
-- Dumping data for table `vehicle_images`
--

LOCK TABLES `vehicle_images` WRITE;
/*!40000 ALTER TABLE `vehicle_images` DISABLE KEYS */;
INSERT INTO `vehicle_images` VALUES (1,4,'Araç Ön Resmi','front','driver_link','vehicle-images/74W3vKgLZhOhrnXhHmmzHudFQ9eD4bkJvazbtzwE.jpg',1,0,'2026-04-23 12:33:19','2026-04-23 12:33:19',2),(2,4,'Sađ Yan','right_side','driver_link','vehicle-images/VDcGSVum77eTVK9TzDSZxaH8oDS9RkvU2L1a4El7.jpg',0,0,'2026-04-24 08:55:08','2026-04-24 08:55:08',2),(3,7,'Araç Ön Resmi','front','driver_link','vehicle-images/Rmr45Kc5v3lgUpIPKixaoWvZTKurNTZJoPgEFazV.jpg',0,0,'2026-04-24 09:20:45','2026-04-25 19:17:42',2),(4,7,'Sađ Yan','right_side','driver_link','vehicle-images/bju2rtPUh3csNl9W4qYfwMNj4E00ErQ41KSzF23q.jpg',1,0,'2026-04-24 09:20:50','2026-04-25 19:17:42',2),(5,5,'Araç Ön Resmi','front','driver_link','vehicle-images/dp6VfP0vyp4LhGvSGaakWmIAEIAduwX7xApF66b2.jpg',1,0,'2026-04-24 09:31:56','2026-04-24 09:31:56',2);
/*!40000 ALTER TABLE `vehicle_images` ENABLE KEYS */;
UNLOCK TABLES;

--
-- Table structure for table `vehicle_maintenance_settings`
--

DROP TABLE IF EXISTS `vehicle_maintenance_settings`;
/*!40101 SET @saved_cs_client     = @@character_set_client */;
/*!40101 SET character_set_client = utf8 */;
CREATE TABLE `vehicle_maintenance_settings` (
  `id` bigint(20) unsigned NOT NULL AUTO_INCREMENT,
  `company_id` bigint(20) unsigned NOT NULL,
  `vehicle_id` bigint(20) unsigned NOT NULL,
  `oil_change_interval_km` int(10) unsigned DEFAULT NULL,
  `under_lubrication_interval_km` int(10) unsigned DEFAULT NULL,
  `created_at` timestamp NULL DEFAULT NULL,
  `updated_at` timestamp NULL DEFAULT NULL,
  PRIMARY KEY (`id`),
  UNIQUE KEY `vehicle_maintenance_settings_company_vehicle_unique` (`company_id`,`vehicle_id`),
  KEY `vehicle_maintenance_settings_vehicle_id_foreign` (`vehicle_id`),
  CONSTRAINT `vehicle_maintenance_settings_company_id_foreign` FOREIGN KEY (`company_id`) REFERENCES `companies` (`id`) ON DELETE CASCADE,
  CONSTRAINT `vehicle_maintenance_settings_vehicle_id_foreign` FOREIGN KEY (`vehicle_id`) REFERENCES `vehicles` (`id`) ON DELETE CASCADE
) ENGINE=InnoDB AUTO_INCREMENT=43 DEFAULT CHARSET=utf8mb4 COLLATE=utf8mb4_unicode_ci;
/*!40101 SET character_set_client = @saved_cs_client */;

--
-- Dumping data for table `vehicle_maintenance_settings`
--

LOCK TABLES `vehicle_maintenance_settings` WRITE;
/*!40000 ALTER TABLE `vehicle_maintenance_settings` DISABLE KEYS */;
INSERT INTO `vehicle_maintenance_settings` VALUES (1,2,3,NULL,NULL,'2026-04-23 13:14:54','2026-04-23 13:14:54'),(2,2,4,10000,NULL,'2026-04-23 13:14:54','2026-04-23 13:14:54'),(3,2,5,NULL,NULL,'2026-04-23 13:14:54','2026-04-23 13:14:54'),(4,2,6,NULL,NULL,'2026-04-23 13:14:54','2026-04-23 13:14:54'),(5,2,7,10000,5000,'2026-04-23 13:14:54','2026-04-24 19:26:46'),(6,2,8,10000,5000,'2026-04-23 13:14:54','2026-04-25 16:49:25'),(7,2,9,NULL,NULL,'2026-04-23 13:14:54','2026-04-23 13:14:54'),(8,2,10,NULL,NULL,'2026-04-23 13:14:54','2026-04-23 13:14:54'),(9,2,11,NULL,NULL,'2026-04-23 13:14:54','2026-04-23 13:14:54'),(10,2,12,NULL,NULL,'2026-04-23 13:14:54','2026-04-23 13:14:54'),(11,2,13,NULL,NULL,'2026-04-23 13:14:54','2026-04-23 13:14:54'),(12,2,14,NULL,NULL,'2026-04-23 13:14:54','2026-04-23 13:14:54'),(13,2,15,NULL,NULL,'2026-04-23 13:14:54','2026-04-23 13:14:54'),(14,2,16,NULL,NULL,'2026-04-23 13:14:54','2026-04-23 13:14:54'),(15,2,17,NULL,NULL,'2026-04-23 13:14:54','2026-04-23 13:14:54'),(16,2,18,NULL,NULL,'2026-04-23 13:14:54','2026-04-23 13:14:54'),(17,2,19,NULL,NULL,'2026-04-23 13:14:54','2026-04-23 13:14:54'),(18,2,20,NULL,NULL,'2026-04-23 13:14:54','2026-04-23 13:14:54'),(19,2,21,NULL,NULL,'2026-04-23 13:14:54','2026-04-23 13:14:54'),(20,2,22,NULL,NULL,'2026-04-23 13:14:54','2026-04-23 13:14:54'),(21,2,23,NULL,NULL,'2026-04-23 13:14:54','2026-04-23 13:14:54'),(22,2,24,NULL,NULL,'2026-04-23 13:14:54','2026-04-23 13:14:54'),(23,2,25,NULL,NULL,'2026-04-23 13:14:54','2026-04-23 13:14:54'),(24,2,26,NULL,NULL,'2026-04-23 13:14:54','2026-04-23 13:14:54'),(25,2,27,NULL,NULL,'2026-04-23 13:14:54','2026-04-23 13:14:54'),(26,2,28,NULL,NULL,'2026-04-23 13:14:54','2026-04-23 13:14:54'),(27,2,29,NULL,NULL,'2026-04-23 13:14:54','2026-04-23 13:14:54'),(28,2,30,NULL,NULL,'2026-04-23 13:14:54','2026-04-23 13:14:54'),(29,2,31,NULL,NULL,'2026-04-23 13:14:54','2026-04-23 13:14:54'),(30,2,32,NULL,NULL,'2026-04-23 13:14:54','2026-04-23 13:14:54'),(31,2,33,NULL,NULL,'2026-04-23 13:14:54','2026-04-23 13:14:54'),(32,2,34,NULL,NULL,'2026-04-23 13:14:54','2026-04-23 13:14:54'),(33,2,35,NULL,NULL,'2026-04-23 13:14:54','2026-04-23 13:14:54'),(34,2,36,NULL,NULL,'2026-04-23 13:14:54','2026-04-23 13:14:54'),(35,2,37,NULL,NULL,'2026-04-23 13:14:54','2026-04-23 13:14:54'),(36,2,38,NULL,NULL,'2026-04-23 13:14:54','2026-04-23 13:14:54'),(37,2,39,NULL,NULL,'2026-04-23 13:14:54','2026-04-23 13:14:54'),(38,2,40,NULL,NULL,'2026-04-23 13:14:54','2026-04-23 13:14:54'),(39,2,41,NULL,NULL,'2026-04-23 13:14:54','2026-04-23 13:14:54'),(40,2,42,NULL,NULL,'2026-04-23 13:14:54','2026-04-23 13:14:54'),(41,2,43,NULL,NULL,'2026-04-23 13:14:54','2026-04-23 13:14:54'),(42,2,44,NULL,NULL,'2026-04-23 13:14:54','2026-04-23 13:14:54');
/*!40000 ALTER TABLE `vehicle_maintenance_settings` ENABLE KEYS */;
UNLOCK TABLES;

--
-- Table structure for table `vehicle_maintenances`
--

DROP TABLE IF EXISTS `vehicle_maintenances`;
/*!40101 SET @saved_cs_client     = @@character_set_client */;
/*!40101 SET character_set_client = utf8 */;
CREATE TABLE `vehicle_maintenances` (
  `id` bigint(20) unsigned NOT NULL AUTO_INCREMENT,
  `company_id` bigint(20) unsigned NOT NULL,
  `vehicle_id` bigint(20) unsigned NOT NULL,
  `created_by` bigint(20) unsigned DEFAULT NULL,
  `maintenance_type` varchar(255) DEFAULT NULL,
  `title` varchar(255) NOT NULL,
  `service_date` date DEFAULT NULL,
  `service_name` varchar(255) DEFAULT NULL,
  `description` text DEFAULT NULL,
  `amount` decimal(12,2) NOT NULL DEFAULT 0.00,
  `km` int(10) unsigned DEFAULT NULL,
  `next_service_date` date DEFAULT NULL,
  `next_service_km` int(10) unsigned DEFAULT NULL,
  `status` varchar(255) NOT NULL DEFAULT 'completed',
  `created_at` timestamp NULL DEFAULT NULL,
  `updated_at` timestamp NULL DEFAULT NULL,
  PRIMARY KEY (`id`),
  KEY `vehicle_maintenances_vehicle_id_foreign` (`vehicle_id`),
  KEY `vehicle_maintenances_created_by_foreign` (`created_by`),
  KEY `vehicle_maintenances_company_id_vehicle_id_index` (`company_id`,`vehicle_id`),
  KEY `vehicle_maintenances_company_id_service_date_index` (`company_id`,`service_date`),
  KEY `vehicle_maintenances_company_id_status_index` (`company_id`,`status`),
  CONSTRAINT `vehicle_maintenances_company_id_foreign` FOREIGN KEY (`company_id`) REFERENCES `companies` (`id`) ON DELETE CASCADE,
  CONSTRAINT `vehicle_maintenances_created_by_foreign` FOREIGN KEY (`created_by`) REFERENCES `users` (`id`) ON DELETE SET NULL,
  CONSTRAINT `vehicle_maintenances_vehicle_id_foreign` FOREIGN KEY (`vehicle_id`) REFERENCES `vehicles` (`id`) ON DELETE CASCADE
) ENGINE=InnoDB AUTO_INCREMENT=24 DEFAULT CHARSET=utf8mb4 COLLATE=utf8mb4_unicode_ci;
/*!40101 SET character_set_client = @saved_cs_client */;

--
-- Dumping data for table `vehicle_maintenances`
--

LOCK TABLES `vehicle_maintenances` WRITE;
/*!40000 ALTER TABLE `vehicle_maintenances` DISABLE KEYS */;
INSERT INTO `vehicle_maintenances` VALUES (1,2,7,2,'YAĐ BAKIMI','YAĐ VE FÝLTRELER DEĐÝŢTÝ','2026-04-23','MUSTAFA ÖZYILDIZ',NULL,0.00,145500,NULL,155500,'completed','2026-04-23 13:16:55','2026-04-24 19:28:08'),(8,2,7,2,'LASTÝK BAKIMI','SAG ÖN LASTÝK TAMÝRÝ','2026-04-24','OSMAN','ÇEMALOGLU',500.00,145600,NULL,NULL,'completed','2026-04-24 08:47:45','2026-04-24 19:28:18'),(9,2,7,2,'ALT YAĐLAMA','ALT YAĐLAMA YAPILDI','2026-04-24','MUSTAFA ÖZYILDIZ','FÝLTRELER DEĐÝŢTÝ SOĐUTUCU DEĐÝŢTÝ',0.00,148450,NULL,153450,'completed','2026-04-24 10:35:15','2026-04-24 19:30:09'),(10,2,10,2,'YAĐ BAKIMI','YAĐ VE FÝLTRELER DEĐÝŢTÝ','2026-04-24','MUSTAFA ÖZYILDIZ','FÝLTRELER ATAKANDAN ALINDI',0.00,NULL,NULL,NULL,'completed','2026-04-24 10:48:35','2026-04-24 10:49:06'),(20,2,8,2,'YAĐ BAKIMI','YAĐ VE FÝLTRELER DEĐÝŢTÝ','2026-04-25','MUSTAFA ÖZYILDIZ',NULL,0.00,179285,NULL,189285,'completed','2026-04-25 16:50:09','2026-04-25 16:50:09'),(21,2,7,1,'YAĐ BAKIMI','YAĐ VE FÝLTRELER DEĐÝŢTÝ','2026-04-25','MUSTAFA ÖZYILDIZ',NULL,0.00,155940,NULL,165940,'completed','2026-04-25 17:26:40','2026-04-25 17:26:40'),(22,2,7,1,'ALT YAĐLAMA','ALT YAĐLAMA YAPILDI','2026-04-25','MUSTAFA ÖZYILDIZ',NULL,0.00,155940,NULL,160940,'completed','2026-04-25 17:27:00','2026-04-25 17:27:00'),(23,2,7,NULL,'YAĐ BAKIMI','Yađ Bakýmý Yapýldý','2026-04-25','Mustafa Özyýldýz','Filtreler Deđiţti',0.00,155999,NULL,NULL,'completed','2026-04-25 17:43:30','2026-04-25 17:43:30');
/*!40000 ALTER TABLE `vehicle_maintenances` ENABLE KEYS */;
UNLOCK TABLES;

--
-- Table structure for table `vehicle_tracking_settings`
--

DROP TABLE IF EXISTS `vehicle_tracking_settings`;
/*!40101 SET @saved_cs_client     = @@character_set_client */;
/*!40101 SET character_set_client = utf8 */;
CREATE TABLE `vehicle_tracking_settings` (
  `id` bigint(20) unsigned NOT NULL AUTO_INCREMENT,
  `company_id` bigint(20) unsigned NOT NULL,
  `provider` varchar(255) NOT NULL,
  `username` varchar(255) DEFAULT NULL,
  `password` text DEFAULT NULL,
  `app_id` varchar(255) DEFAULT NULL,
  `app_key` varchar(255) DEFAULT NULL,
  `api_key` varchar(255) DEFAULT NULL,
  `is_active` tinyint(1) NOT NULL DEFAULT 1,
  `created_at` timestamp NULL DEFAULT NULL,
  `updated_at` timestamp NULL DEFAULT NULL,
  PRIMARY KEY (`id`),
  KEY `vehicle_tracking_settings_company_id_foreign` (`company_id`),
  CONSTRAINT `vehicle_tracking_settings_company_id_foreign` FOREIGN KEY (`company_id`) REFERENCES `companies` (`id`) ON DELETE CASCADE
) ENGINE=InnoDB AUTO_INCREMENT=2 DEFAULT CHARSET=utf8mb4 COLLATE=utf8mb4_unicode_ci;
/*!40101 SET character_set_client = @saved_cs_client */;

--
-- Dumping data for table `vehicle_tracking_settings`
--

LOCK TABLES `vehicle_tracking_settings` WRITE;
/*!40000 ALTER TABLE `vehicle_tracking_settings` DISABLE KEYS */;
INSERT INTO `vehicle_tracking_settings` VALUES (1,2,'arvento','mehmettasimacilik4','eyJpdiI6IlRvU0RGUmJiOUR5N25GaG8xZ1V5QWc9PSIsInZhbHVlIjoiTG1BQi85bm8xLzZ6OGNpZjZtWHF5Zz09IiwibWFjIjoiMmJmNGQwOWI0OGU1YzMyMDI1YzdlMDE0MmMwMjBiN2IwNGRiYzBjZmRmN2RlYTZkZjMxZDJmYTA4NzYzZDdjNCIsInRhZyI6IiJ9','mehmettasimacilik4','Celebi!2023.',NULL,1,'2026-04-22 09:05:38','2026-04-22 10:21:38');
/*!40000 ALTER TABLE `vehicle_tracking_settings` ENABLE KEYS */;
UNLOCK TABLES;

--
-- Table structure for table `vehicles`
--

DROP TABLE IF EXISTS `vehicles`;
/*!40101 SET @saved_cs_client     = @@character_set_client */;
/*!40101 SET character_set_client = utf8 */;
CREATE TABLE `vehicles` (
  `id` bigint(20) unsigned NOT NULL AUTO_INCREMENT,
  `plate` varchar(255) NOT NULL,
  `brand` varchar(255) DEFAULT NULL,
  `model` varchar(255) DEFAULT NULL,
  `vehicle_type` varchar(255) DEFAULT NULL,
  `vehicle_package` varchar(255) DEFAULT NULL,
  `model_year` int(11) DEFAULT NULL,
  `registration_date` date DEFAULT NULL,
  `seat_count` int(11) DEFAULT NULL,
  `current_km` int(11) NOT NULL DEFAULT 0,
  `status` varchar(255) NOT NULL DEFAULT 'active',
  `gear_type` varchar(255) DEFAULT NULL,
  `fuel_type` varchar(255) DEFAULT NULL,
  `color` varchar(255) DEFAULT NULL,
  `other_color` varchar(255) DEFAULT NULL,
  `engine_no` varchar(255) DEFAULT NULL,
  `chassis_no` varchar(255) DEFAULT NULL,
  `license_serial_no` varchar(255) DEFAULT NULL,
  `license_owner` varchar(255) DEFAULT NULL,
  `owner_tax_or_tc_no` varchar(255) DEFAULT NULL,
  `inspection_date` date DEFAULT NULL,
  `exhaust_date` date DEFAULT NULL,
  `insurance_end_date` date DEFAULT NULL,
  `kasko_end_date` date DEFAULT NULL,
  `is_active` tinyint(1) NOT NULL DEFAULT 1,
  `notes` text DEFAULT NULL,
  `public_image_upload_token` varchar(100) DEFAULT NULL,
  `created_at` timestamp NULL DEFAULT NULL,
  `updated_at` timestamp NULL DEFAULT NULL,
  `company_id` bigint(20) unsigned DEFAULT NULL,
  PRIMARY KEY (`id`),
  UNIQUE KEY `vehicles_plate_unique` (`plate`),
  UNIQUE KEY `vehicles_public_image_upload_token_unique` (`public_image_upload_token`),
  KEY `vehicles_company_id_foreign` (`company_id`),
  CONSTRAINT `vehicles_company_id_foreign` FOREIGN KEY (`company_id`) REFERENCES `companies` (`id`) ON DELETE SET NULL
) ENGINE=InnoDB AUTO_INCREMENT=61 DEFAULT CHARSET=utf8mb4 COLLATE=utf8mb4_unicode_ci;
/*!40101 SET character_set_client = @saved_cs_client */;

--
-- Dumping data for table `vehicles`
--

LOCK TABLES `vehicles` WRITE;
/*!40000 ALTER TABLE `vehicles` DISABLE KEYS */;
INSERT INTO `vehicles` VALUES (3,'42 AH 354','WOLKSVAGEN','PASSAT','Binek Araç','Yolcu Nakli',2014,'2026-04-23',5,0,'active',NULL,'Dizel','Diđer','Sarý Gümüţ','CAYAD4108','WVWZZZ3CZFE007769','EH799545','MEHMET TAŢIMACILIK TÝC.LTD.ŢTÝ.','6130942149','2027-03-22','2027-03-22','2026-12-31',NULL,1,NULL,'FCULngndE9RWaYe8e4IWg38I04z9uSpWWJspcR7p','2026-04-23 11:24:53','2026-04-24 17:19:14',2),(4,'42 BEY 323','RENAULT','MASTER','Minibüs','Yolcu Nakli',2008,'2026-04-23',16,0,'active',NULL,'Dizel','Beyaz',NULL,'G9UC228792','VFIFDCUL638614759','ID037982','GLOBALTECH MAKÝNA IMALAT SANAYÝ VE TÝCARET LÝMÝTED SÝRKETÝ','3960738919','2026-05-07','2026-05-07','2026-11-25',NULL,0,NULL,'gIJF4K9bmdodkPtciL4IIUMbZN6xLw1jq2KHlM8o','2026-04-23 11:24:53','2026-04-24 17:16:38',2),(5,'42 C 0015','OTOKAR','SULTAN','Midibüs','Yolcu Nakli',2014,'2026-04-23',30,0,'active',NULL,'Dizel','Beyaz',NULL,'22117058','NLRTMF100EA015005','ID437544','MEHMET TAŢIMACILIK TÝC.LTD.ŢTÝ.','6130942149','2026-11-02','2026-10-31','2026-10-31',NULL,1,NULL,'f0hHEhEArAFYQT6nACP3FgsaLszgqbdyhJwJfBx9','2026-04-23 11:24:53','2026-04-24 17:16:45',2),(6,'42 C 0051','RENAULT','MASTER','Minibüs','Yolcu Nakli',2018,'2026-04-23',17,0,'active',NULL,'Dizel','Beyaz',NULL,'M9TD880C049998','VF1VE34UR59387302','GY426759','MEHMET TAŢIMACILIK TÝC.LTD.ŢTÝ.','6130942149','2026-05-15','2026-05-15','2027-01-22',NULL,1,NULL,'juEbgq6NyiuecUBaC1hxszu3bXriYdlUIgvOVO7S','2026-04-23 11:24:53','2026-04-24 17:16:56',2),(7,'42 C 0149','TEMSA','PRESTÝJ','Midibüs','Yolcu Nakli',2019,'2026-04-23',30,0,'active',NULL,'Dizel','Beyaz',NULL,'4D34K32129','NLTBG659T01057498','DJ579565','MEHMET ÇELEBÝ TURÝZM TÝC.LTD.ŢTÝ.','6140084376','2026-04-27','2026-07-22','2026-04-29','2026-04-27',1,NULL,'SSspkNc1gAjHovKtXJnoKeDZxwX3WFsbM21vNwJp','2026-04-23 11:24:53','2026-04-25 19:16:54',2),(8,'42C0167','TEMSA','PRESTÝJ','Midibüs','Yolcu Nakli',2006,'2026-04-23',26,0,'active','26','Dizel','Beyaz',NULL,'4D34K74288','NLTBG659T01062579','CM058262','MEHMET ÇELEBÝ TURÝZM TÝC.LTD.ŢTÝ.','6140084376','2026-08-01','2026-07-22','2027-02-24',NULL,1,NULL,'7LsxBZR6km2DV1wEsv5VHtx3rkOwrRtAgEivkpYK','2026-04-23 11:24:53','2026-04-23 11:24:53',2),(9,'42C0174','RENAULT','MASTER','Minibüs','Yolcu Nakli',2011,'2026-04-23',14,0,'active','14','Dizel','Beyaz',NULL,'M9TA6C008321','VF1MAF4CR45131343','CZ749261','MEHMET ÇELEBÝ TURÝZM TÝC.LTD.ŢTÝ.','6140084376','2026-08-05','2026-07-22','2027-03-13',NULL,1,NULL,'22H7Mt93cOYHW6LDggruAEir7w1IioEeyaJYTTdO','2026-04-23 11:24:53','2026-04-23 11:24:53',2),(10,'42C0220','TEMSA','METROPOL','Otobüs','Yolcu Nakli',2007,'2026-04-23',44,0,'active','44','Dizel','Beyaz',NULL,'5611595791164','NLTCMM64L01000049','GY426436','MEHMET TAŢIMACILIK TÝC.LTD.ŢTÝ.','6130942149','2026-12-14','2026-12-12','2026-12-11',NULL,1,NULL,'cwF8s5RjwKhyUVLkktftJpAeYKvq9tGCUIM2xQtw','2026-04-23 11:24:53','2026-04-23 11:24:53',2),(11,'42C0228','RENAULT','MASTER','Kamyonet','Yolcu Nakli',2015,'2026-04-23',17,0,'active',NULL,'Dizel','Beyaz',NULL,'M9TD880C038178','VF1VE34UR52901722','HZ739355','MEHMET TAŢIMACILIK TÝC.LTD.ŢTÝ.','6130942149','2026-10-30','2026-10-27','2026-08-19',NULL,1,NULL,'GVRx17x1dpgciEnxQs7GxPLA23wTkcJyDT0oTtNf','2026-04-23 11:24:53','2026-04-25 18:58:08',2),(12,'42C0411','TEMSA PRESTÝJ','PRESTÝJ','Midibüs','Yolcu Nakli',2007,'2026-04-23',28,0,'active','28','Dizel','Beyaz',NULL,'4D34L08254','NLTBG659T01065104','CI239112','MEHMET ÇELEBÝ TURÝZM TÝC.LTD.ŢTÝ.','6140084376','2026-08-03','2026-07-30','2026-09-24',NULL,1,NULL,'KlMA2RBcV2WYkqhajtpU0cfCLpmG1TQ7msNK63zV','2026-04-23 11:24:53','2026-04-23 11:24:53',2),(13,'42C0412','TEMSA','PRESTÝJ','Midibüs','Yolcu Nakli',2013,'2026-04-23',28,0,'active','28','Dizel','Beyaz',NULL,'1862192','NLTPNGS3L01000604','FK454539','MEHMET TAŢIMACILIK TÝC.LTD.ŢTÝ.','6130942149','2026-08-03','2026-08-01','2026-07-01',NULL,1,NULL,'WgMbzrcLNiNkrv7NgImj1m7WtacYLIkj8MlZyLPh','2026-04-23 11:24:53','2026-04-23 11:24:53',2),(14,'42C0461','TEMSA','PRESTÝJ','Midibüs','Yolcu Nakli',2007,'2026-04-23',29,0,'active','29','Dizel','Beyaz',NULL,'4D34L12302','NLTBG659T01065166','GG940050','MEHMET TAŢIMACILIK TÝC.LTD.ŢTÝ.','6130942149','2026-07-31','2026-07-29','2026-07-30',NULL,1,NULL,'AbIjJYXJP2mAZ0O2hEKlN8KEmU7ftiXMTReBHOAi','2026-04-23 11:24:53','2026-04-23 11:24:53',2),(15,'42C0493','OTOKAR','SULTAN','Midibüs','Yolcu Nakli',2019,'2026-04-23',30,0,'active','30','Dizel','Beyaz',NULL,'22390612','NLRTMNA00KA023646','HY033070','MEHMET TAŢIMACILIK TÝC.LTD.ŢTÝ.','6130942149','2026-05-14','2026-05-14','2026-05-14',NULL,1,NULL,'b4PeeGI0Ci75P8oQ3dlqK7ZQg1W8VOuEYlmRetxj','2026-04-23 11:24:53','2026-04-23 11:24:53',2),(16,'42C0527','RENAULT','MASTER','Minibüs','Yolcu Nakli',2012,'2026-04-23',17,0,'active','17','Dizel','Beyaz',NULL,'M9TA672C011531','VF1MAF4CR45578056','BV803876','MEHMET ÇELEBÝ TURÝZM TÝC.LTD.ŢTÝ.','6140084376','2026-08-22','2026-08-20','2027-04-09',NULL,1,NULL,'bDAyWUFKWklLFrpKOVI3Je2ZkhbqODu2vY79QkA9','2026-04-23 11:24:53','2026-04-23 11:24:53',2),(17,'42C0534','TEMSA PRESTÝJ','PRESTÝJ','Midibüs','Yolcu Nakli',2005,'2026-04-23',28,0,'active','28','Dizel','Beyaz',NULL,'4D34K13905','NLTBG659T01055468','DJ579666','MEHMET ÇELEBÝ TURÝZM TÝC.LTD.ŢTÝ.','6140084376','2026-08-24','2026-08-20','2026-09-18',NULL,1,NULL,'faXOcxTyKi5GSHhGl7J7fGI1OpbjyQ8fnOL25Dfe','2026-04-23 11:24:53','2026-04-23 11:24:53',2),(18,'42C0542','TEMSA','PRESTÝJ','Midibüs','Yolcu Nakli',2009,'2026-04-23',28,0,'active','28','Dizel','Beyaz',NULL,'10660609','NLR16C11C9A005850','EU017271','MEHMET ÇELEBÝ TURÝZM TÝC.LTD.ŢTÝ.','6140084376','2026-08-22','2026-08-01','2026-08-28',NULL,1,NULL,'ScEcGO7agYun9RHAVz0Qdw6xiR2QG5h4EwDrL8oW','2026-04-23 11:24:53','2026-04-23 11:24:53',2),(19,'42C0556','TEMSA','PRESTÝJ','Midibüs','Yolcu Nakli',2009,'2026-04-23',30,0,'active','30','Dizel','Beyaz',NULL,'4D34L95996','NLTPNG13L01068181','EN137117','MEHMET ÇELEBÝ TURÝZM TÝC.LTD.ŢTÝ.','6140084376','2026-08-03','2026-07-31','2027-03-21',NULL,1,NULL,'0Rk78iR0xTUxAwdzDz30Kl7R6zCFDCDZnftC51Qu','2026-04-23 11:24:53','2026-04-23 11:24:53',2),(20,'42C0629','OTOKAR SULTAN','SULTAN','Midibüs','Yolcu Nakli',2015,'2026-04-23',30,0,'active','30','Dizel','Beyaz',NULL,'22185152','NLRTMNA00FA018909','HZ045711','MEHMET TAŢIMACILIK TÝC.LTD.ŢTÝ.','6130942149','2026-07-03','2026-07-03','2026-06-25',NULL,1,NULL,'K5I9FM24kWreZaiKwIQsJDUHnPcn5NwHlM86m9Va','2026-04-23 11:24:53','2026-04-23 11:24:53',2),(21,'42C0642','OTOKAR POYRAZ','POTRAZ','Midibüs','Yolcu Nakli',2019,'2026-04-23',28,0,'active','28','Dizel','Beyaz',NULL,'76348184','NLRTMNA00KA023593','HO423851','MEHMET TAŢIMACILIK TÝC.LTD.ŢTÝ.','6130942149','2027-03-16','2027-03-11','2027-01-03',NULL,1,NULL,'7v5Zps9HRcJekQO5ANIAPYM2OPe22WX3n7uIME4l','2026-04-23 11:24:53','2026-04-23 11:24:53',2),(22,'42C0663','RENAULT','MASTER','Minibüs','Yolcu Nakli',2018,'2026-04-23',17,0,'active','17','Dizel','Beyaz',NULL,'M9TD880C049915','VF1VE34UR59387328','HZ045042','MEHMET TAŢIMACILIK TÝC.LTD.ŢTÝ.','6130942149','2026-05-07','2026-05-05','2026-05-02',NULL,1,NULL,'VFFcl1yxiTGvpNqMre7RYki4oDHKaqMK5OahLHPW','2026-04-23 11:24:53','2026-04-23 11:24:53',2),(23,'42C0681','OTOKAR POYRAZ','POYRAZ','Midibüs','Yolcu Nakli',2019,'2026-04-23',28,0,'active','28','Dizel','Beyaz',NULL,'89914485','NLRTMNA00KA023672','HO423847','MEHMET TAŢIMACILIK TÝC.LTD.ŢTÝ.','6130942149','2027-03-07','2027-03-06','2027-01-03',NULL,1,NULL,'7ll1OM90Xm7KA1cUtGoJsRWSOl2axahS2sLqI5Wo','2026-04-23 11:24:53','2026-04-23 11:24:53',2),(24,'42C0709','TEMSAPRESTÝJ','PRESTÝJ','Midibüs','Yolcu Nakli',2009,'2026-04-23',28,0,'active','28','Dizel','Beyaz',NULL,'4D34M00431','NLTPNG13L01068400','EN137604','MEHMET ÇELEBÝ TURÝZM TÝC.LTD.ŢTÝ.','6140084376','2026-09-03','2026-08-24','2027-03-26',NULL,1,NULL,'QBis7SaO6lvm6f2X93qIMy3qy90ANZj9iLBZoW1P','2026-04-23 11:24:53','2026-04-23 11:24:53',2),(25,'42C0719','TEMSA PRESTÝJ','PRESTÝJ','Midibüs','Yolcu Nakli',2010,'2026-04-23',28,0,'active','28','Dizel','Beyaz',NULL,'4D34M00431','NLTPNG13L01068400','EO239577','MEHMET ÇELEBÝ TURÝZM TÝC.LTD.ŢTÝ.','6140084376','2026-09-03','2026-08-24','2027-03-26',NULL,1,NULL,'7p922uQObTLWz0V7c58shwqQONSkyi6EawffLomF','2026-04-23 11:24:53','2026-04-23 11:24:53',2),(26,'42C0734','TEMSA','PRESTÝJ','Midibüs','Yolcu Nakli',2006,'2026-04-23',28,0,'active','28','Dizel','Beyaz',NULL,'4D34K50427','NLTBG659T01059748','ET111491','MEHMET ÇELEBÝ TURÝZM TÝC.LTD.ŢTÝ.','6140084376','2026-07-27','2026-07-25','2026-09-06',NULL,1,NULL,'Qwo6EsoJ68diXVsJP5YfYjEtues7UvGYKLWFa9Ya','2026-04-23 11:24:53','2026-04-23 11:24:53',2),(27,'42C0736','TEMSA','PRESTÝJ','Midibüs','Yolcu Nakli',2009,'2026-04-23',30,0,'active','30','Dizel','Beyaz',NULL,'4D34M01262','NLTPNG13L01068465','DE771588','MEHMET ÇELEBÝ TURÝZM TÝC.LTD.ŢTÝ.','6140084376','2026-08-03','2026-07-28','2027-01-23',NULL,1,NULL,'VAxZLpKeKwUIN2earykm2S5MvCogFcdAXddFkwAb','2026-04-23 11:24:53','2026-04-23 11:24:53',2),(28,'42C0738','RENAULT','MASTER','Minibüs','Yolcu Nakli',2018,'2026-04-23',17,0,'active','17','Dizel','Beyaz',NULL,'M9TD880C049908','VF1VE34UR59090717','GY426734','MEHMET TAŢIMACILIK TÝC.LTD.ŢTÝ.','6130942149','2026-07-27','2026-07-23','2027-01-22',NULL,1,NULL,'HJB1zp0tgsiNT81kwPCJ7BV0zUUxnzmWTNpge8Km','2026-04-23 11:24:53','2026-04-23 11:24:53',2),(29,'42C0740','TEMSA','PRESTÝJ','Midibüs','Yolcu Nakli',2007,'2026-04-23',30,0,'active','30','Dizel','Beyaz',NULL,'4D34K83023','NLTBG659T01063651','CM058163','MEHMET ÇELEBÝ TURÝZM TÝC.LTD.ŢTÝ.','6140084376','2026-12-14','2026-12-13','2026-11-01',NULL,1,NULL,'AF4Oj2qg2VGLB3mjchEcgsCrjWpXV7liOLlvKgap','2026-04-23 11:24:53','2026-04-23 11:24:53',2),(30,'42C0850','ISUZU','ROYBUS','Midibüs','Yolcu Nakli',2010,'2026-04-23',28,0,'active','28','Dizel','Beyaz',NULL,'4D34K83023','NLTBG659T01063651','EN138044','MEHMET ÇELEBÝ TURÝZM TÝC.LTD.ŢTÝ.','6140084376','2026-12-14','2026-12-14','2026-11-01',NULL,1,NULL,'IdZUWCYtFDGKShAvUjJPVfNOniYjEWDFjNNjXG0P','2026-04-23 11:24:53','2026-04-23 11:24:53',2),(31,'42C0865','TEMSA','PRESTÝJ','Midibüs','Yolcu Nakli',2008,'2026-04-23',28,0,'active','28','Dizel','Beyaz',NULL,'4D34L78228','NLTPNG13L01067491','CM058285','MEHMET ÇELEBÝ TURÝZM TÝC.LTD.ŢTÝ.','6140084376','2026-08-24','2026-08-22','2026-09-17',NULL,1,NULL,'UPssdOj7cWca1aFRLks2vJLu2EcWEd8yIorheGz9','2026-04-23 11:24:53','2026-04-23 11:24:53',2),(32,'42C0869','OTOKAR','SULTAN','Midibüs','Yolcu Nakli',2009,'2026-04-23',28,0,'active','28','Dizel','Beyaz',NULL,'4D34L78228','NLTPNG13L01067491','EU017729','MEHMET ÇELEBÝ TURÝZM TÝC.LTD.ŢTÝ.','6140084376','2026-08-24','2026-08-22','2026-09-17',NULL,1,NULL,'Wwx71Sdi3Z0gCyNKC4JsLwt9e2w3TOwKmLIOzVZE','2026-04-23 11:24:53','2026-04-23 11:24:53',2),(33,'42C0894','OTOKAR','SULTAN','Midibüs','Yolcu Nakli',2012,'2026-04-23',29,0,'active','29','Dizel','Beyaz',NULL,'22018815','NLRTMNA00CA009688','HZ045826','MEHMET TAŢIMACILIK TÝC.LTD.ŢTÝ.','6130942149','2026-06-20','2026-06-01','2026-07-11',NULL,1,NULL,'rd8npYiaBf8EO4EBBiEBgMNa0HPCaWAMEKIB051p','2026-04-23 11:24:53','2026-04-23 11:24:53',2),(34,'42C0934','OTOKAR','SULTAN','Midibüs','Yolcu Nakli',2014,'2026-04-23',29,0,'active','29','Dizel','Beyaz',NULL,'ISB45E5140B22113572','NLRTMNA00EA014635','FN071116','MEHMET TAŢIMACILIK TÝC.LTD.ŢTÝ.','6130942149','2026-05-02','2026-05-02','2026-12-14',NULL,1,NULL,'sIuUOu7l6oHXzcnBifFFrfrLCSwVhgWRIz2h8FAL','2026-04-23 11:24:53','2026-04-23 11:24:53',2),(35,'42C0935','TEMSA','PRESTÝJ','Midibüs','Yolcu Nakli',2008,'2026-04-23',28,0,'active','28','Dizel','Beyaz',NULL,'4D34L59908','NLTPNG13L01066958','BV648144','MEHMET ÇELEBÝ TURÝZM TÝC.LTD.ŢTÝ.','6140084376','2026-08-01','2026-07-23','2026-07-05',NULL,1,NULL,'VvNkPmY22DtE0WgqvPRNI2kmS5P2FBjwBNURjwar','2026-04-23 11:24:53','2026-04-23 11:24:53',2),(36,'42C0976','OTOKAR','SULTAN','Midibüs','Yolcu Nakli',2015,'2026-04-23',29,0,'active','29','Dizel','Beyaz',NULL,'22175199','NLRTMNA00FA018372','HJ098819','MEHMET TAŢIMACILIK TÝC.LTD.ŢTÝ.','6130942149','2026-11-09','2026-11-07','2026-11-11',NULL,1,NULL,'omz0T2brRGQU8sq4m3rPIUpmhwrUMPHWWaozv85E','2026-04-23 11:24:53','2026-04-23 11:24:53',2),(37,'42C0994','OTOKAR','SULTAN','Midibüs','Yolcu Nakli',2018,'2026-04-23',29,0,'active','29','Dizel','Beyaz',NULL,'22305544','NLRTMNA00JA022534','IB638315','MEHMET TAŢIMACILIK TÝC.LTD.ŢTÝ.','6130942149','2027-04-07','2027-04-06','2026-09-15',NULL,1,NULL,'Pz7AOS39rMW7Wqa3pQPRgGURrulCFdYZ0PuG7AcO','2026-04-23 11:24:53','2026-04-23 11:24:53',2),(38,'42C1145','TEMSA','PRESTÝJ','Midibüs','Yolcu Nakli',2008,'2026-04-23',29,0,'active','29','Dizel','Beyaz',NULL,'4D34L86199','NLTPNG13L01067739','DJ579575','MEHMET ÇELEBÝ TURÝZM TÝC.LTD.ŢTÝ.','6140084376','2026-08-03','2026-08-01','2026-09-05',NULL,1,NULL,'esvagHQ8Zhrg0asbBIo02qWn3VO7Vr1wCG2AROQY','2026-04-23 11:24:53','2026-04-23 11:24:53',2),(39,'42C1146','TEMSA','PRESTÝJ','Midibüs','Yolcu Nakli',2006,'2026-04-23',28,0,'active','28','Dizel','Beyaz',NULL,'4D34K52151','NLTBG659T01059955','EH801962','MEHMET ÇELEBÝ TURÝZM TÝC.LTD.ŢTÝ.','6140084376','2026-08-24','2026-08-20','2026-12-20',NULL,1,NULL,'IdEozOihxA1AdMGRMrSPhORt7VQfJNd7IQmCD4P6','2026-04-23 11:24:53','2026-04-23 11:24:53',2),(40,'42C1147','TEMSA','PRESTÝJ','Midibüs','Yolcu Nakli',2004,'2026-04-23',28,0,'active','28','Dizel','Beyaz',NULL,'4D34J83242','NLTBG659T01051703','CV180288','MEHMET ÇELEBÝ TURÝZM TÝC.LTD.ŢTÝ.','6140084376','2026-08-03','2026-07-30','2026-11-11',NULL,1,NULL,'rERiclfLTswtseYVpqeKgdrHD1XjFwbquY3OQTkA','2026-04-23 11:24:53','2026-04-23 11:24:53',2),(41,'42C1155','TEMSA','PRESTÝJ','Midibüs','Yolcu Nakli',2009,'2026-04-23',28,0,'active','28','Dizel','Beyaz',NULL,'4D34M28776','NLTPNG13L01069962','HR208099','MEHMET TAŢIMACILIK TÝC.LTD.ŢTÝ.','6130942149','2027-02-20','2027-01-19','2026-07-08',NULL,1,NULL,'vi5rGrqp82WVZ6MTD4HVE5WWwcVyUUCZJUIRYaas','2026-04-23 11:24:53','2026-04-23 11:24:53',2),(42,'42C1156','OTOKAR','POYRAZ','Midibüs','Yolcu Nakli',2019,'2026-04-23',28,0,'active','28','Dizel','Beyaz',NULL,'76348192','NLRTMNA00KA023668','HN736648','MEHMET TAŢIMACILIK TÝC.LTD.ŢTÝ.','6130942149','2027-03-24','2027-03-23','2027-01-03',NULL,1,NULL,'9tQtftEPnyBwIOa8Wzix7WEGQGMxGFqt84cm0WSM','2026-04-23 11:24:53','2026-04-23 11:24:53',2),(43,'42C1204','RENAULT','MASTER','Minibüs','Yolcu Nakli',2011,'2026-04-23',17,0,'active','17','Dizel','Beyaz',NULL,'M9TA672C006579','VFIMAF4CR44801412','ID438735','MEHMET ÇELEBÝ','49573415200','2026-09-10','2026-09-10','2026-11-14',NULL,1,NULL,'jFgyRbGx3sWZKo4wFcEwXak5st6k0pZUXFRhCPp9','2026-04-23 11:24:53','2026-04-23 11:24:53',2),(44,'42C1207','OTOKAR','POYRAZ','Midibüs','Yolcu Nakli',2019,'2026-04-23',28,0,'active','28','Dizel','Beyaz',NULL,'89914269','NLRTMNA00KA023748','GU044696','MEHMET TAŢIMACILIK TÝC.LTD.ŢTÝ.','6130942149','2027-01-18','2027-01-16','2026-09-23',NULL,1,NULL,'nVo6rGecAfwE2uri54PLcnXT5IFNvIe3l9e13iQM','2026-04-23 11:24:53','2026-04-23 11:24:53',2),(45,'34ab2589','volkswagen','jetta','Binek Araç','Hususi',2011,'2026-04-23',5,0,'active','Otomatik','Benzin + LPG','Diđer','gri',NULL,NULL,NULL,NULL,NULL,NULL,NULL,NULL,NULL,1,NULL,'bS73DJBnQZPfZvSy5RGOuOboYS2vgaARs5F06bH9','2026-04-23 14:36:19','2026-04-23 14:36:19',3),(46,'42fmj01','hondA','cývýc','Binek Araç','Hususi',2017,'2026-04-23',5,0,'active','Otomatik','Benzin + LPG','Beyaz',NULL,NULL,NULL,NULL,NULL,NULL,NULL,NULL,NULL,NULL,1,NULL,'gkliCSBwrUum9aZ4K7l1a7wly24hKyViFV6IRTTf','2026-04-23 14:37:15','2026-04-23 14:37:15',3),(55,'34 TEST 123',NULL,NULL,'minibus',NULL,NULL,NULL,NULL,0,'active',NULL,NULL,NULL,NULL,NULL,NULL,NULL,NULL,NULL,NULL,NULL,NULL,NULL,1,NULL,'G4IClCzMwkXriwZygXsTK00oXZj3sJo8aXWw0m3R','2026-04-25 07:45:01','2026-04-25 07:45:01',1),(56,'34TESTB2','TestBrand','TestModel','minibus',NULL,NULL,NULL,NULL,0,'active',NULL,NULL,NULL,NULL,NULL,NULL,NULL,NULL,NULL,NULL,NULL,NULL,NULL,1,NULL,'U9kiAV0YnRwBME27cVwM44lkYSW8nXHy2rgAqHIv','2026-04-25 08:02:56','2026-04-25 08:02:56',10004),(58,'34TSTB2','TestBrand','TestModel','minibus',NULL,NULL,NULL,NULL,0,'active',NULL,NULL,NULL,NULL,NULL,NULL,NULL,NULL,NULL,NULL,NULL,NULL,NULL,1,NULL,'IrS2gMUdmCAPAHENSQSJCet72nQfmbBxZQeO3q8S','2026-04-25 08:04:21','2026-04-25 08:04:21',1),(59,'34TSTB3','TestBrand','TestModel','minibus',NULL,NULL,NULL,NULL,0,'active',NULL,NULL,NULL,NULL,NULL,NULL,NULL,NULL,NULL,NULL,NULL,NULL,NULL,1,NULL,'9J1uKSpZDOWx3y4yvQdWygPcza4qPT2gSIADOYtx','2026-04-25 08:14:11','2026-04-25 08:14:11',1),(60,'34TEST34','Test','Test',NULL,NULL,NULL,NULL,NULL,0,'active',NULL,NULL,NULL,NULL,NULL,NULL,NULL,NULL,NULL,NULL,NULL,NULL,NULL,1,NULL,'2pI2n48Df6hALlzIG1E2hFeNW997nUWmCglprsa8','2026-04-25 14:51:03','2026-04-25 14:51:03',NULL);
/*!40000 ALTER TABLE `vehicles` ENABLE KEYS */;
UNLOCK TABLES;
/*!40103 SET TIME_ZONE=@OLD_TIME_ZONE */;

/*!40101 SET SQL_MODE=@OLD_SQL_MODE */;
/*!40014 SET FOREIGN_KEY_CHECKS=@OLD_FOREIGN_KEY_CHECKS */;
/*!40014 SET UNIQUE_CHECKS=@OLD_UNIQUE_CHECKS */;
/*!40101 SET CHARACTER_SET_CLIENT=@OLD_CHARACTER_SET_CLIENT */;
/*!40101 SET CHARACTER_SET_RESULTS=@OLD_CHARACTER_SET_RESULTS */;
/*!40101 SET COLLATION_CONNECTION=@OLD_COLLATION_CONNECTION */;
/*!40111 SET SQL_NOTES=@OLD_SQL_NOTES */;

-- Dump completed on 2026-04-25 23:13:54
